{
  "type": "FeatureCollection",
  "data": [
    {
      "id": 350147900944731430,
      "type": "Feature",
      "geometry": {
        "type": "Point",
        "coordinates": [
          109.910514,
          17.995772
        ]
      },
      "properties": {
        "feature_id": "MAP-260831-000000-WF",
        "feature_name": "north-zone",
        "address": "北京市东城区长安街1号",
        "geom_type": "Point",
        "center_point": [
          109.910514,
          17.995772
        ],
        "created_at": "2026-03-01T09:55:43.973144",
        "updated_at": "2026-03-06T09:47:43.973144"
      }
    },
    {
      "id": 8369826323396047504,
      "type": "Feature",
      "geometry": {
        "type": "Point",
        "coordinates": [
          99.899895,
          36.226462
        ]
      },
      "properties": {
        "feature_id": "GIS-260831-000001-TA",
        "feature_name": "tower-elevated-section",
        "address": "北京市东城区长安街1号",
        "geom_type": "Point",
        "center_point": [
          99.899895,
          36.226462
        ],
        "created_at": "2026-02-07T06:38:20.693228",
        "updated_at": "2026-02-23T03:49:20.693228"
      }
    },
    {
      "id": 5414580910566398553,
      "type": "Feature",
      "geometry": {
        "type": "Point",
        "coordinates": [
          73.062453,
          33.189702
        ]
      },
      "properties": {
        "feature_id": "FEAT-260831-000002-JE",
        "feature_name": "new-section",
        "address": "杭州市西湖区文三路18号",
        "geom_type": "Point",
        "center_point": [
          73.062453,
          33.189702
        ],
        "created_at": "2025-12-23T23:44:36.974080",
        "updated_at": "2026-01-05T21:35:36.974080"
      }
    },
    {
      "id": 780473510138580405,
      "type": "Feature",
      "geometry": {
        "type": "Point",
        "coordinates": [
          75.596835,
          46.448396
        ]
      },
      "properties": {
        "feature_id": "GEO-260831-000003-GK",
        "feature_name": "park-new-segment",
        "address": "厦门市思明区湖滨南路99号",
        "geom_type": "Point",
        "center_point": [
          75.596835,
          46.448396
        ],
        "created_at": "2026-01-12T20:16:18.219001",
        "updated_at": "2026-01-21T06:12:18.219001"
      }
    },
    {
      "id": 3296136203425359675,
      "type": "Feature",
      "geometry": {
        "type": "Point",
        "coordinates": [
          73.713908,
          16.471001
        ]
      },
      "properties": {
        "feature_id": "MAP-260831-000004-YZ",
        "feature_name": "tunnel-branch-gate",
        "address": "深圳市南山区科技园南区科苑路15号",
        "geom_type": "Point",
        "center_point": [
          73.713908,
          16.471001
        ],
        "created_at": "2025-12-24T19:45:57.488190",
        "updated_at": "2026-01-18T01:10:57.488190"
      }
    },
    {
      "id": 7804557824240859727,
      "type": "Feature",
      "geometry": {
        "type": "Point",
        "coordinates": [
          80.049224,
          20.841142
        ]
      },
      "properties": {
        "feature_id": "LAND-260831-000005-GG",
        "feature_name": "north-section",
        "address": "青岛市市南区香港中路78号",
        "geom_type": "Point",
        "center_point": [
          80.049224,
          20.841142
        ],
        "created_at": "2025-12-24T22:18:49.149048",
        "updated_at": "2026-01-23T17:35:49.149048"
      }
    },
    {
      "id": 5039977156596331973,
      "type": "Feature",
      "geometry": {
        "type": "Polygon",
        "coordinates": [
          [
            [
              101.570976,
              18.323441
            ],
            [
              81.216524,
              51.252047
            ],
            [
              115.92532,
              49.345016
            ],
            [
              106.460586,
              24.826476
            ],
            [
              101.570976,
              18.323441
            ]
          ]
        ]
      },
      "properties": {
        "feature_id": "GIS-260831-000006-LW",
        "feature_name": "central-zone",
        "address": "深圳市南山区科技园南区科苑路15号",
        "geom_type": "Polygon",
        "center_point": [
          101.293351,
          35.936745
        ],
        "created_at": "2026-07-17T17:53:44.620369",
        "updated_at": "2026-08-09T03:20:44.620369"
      }
    },
    {
      "id": 761590459527596323,
      "type": "Feature",
      "geometry": {
        "type": "Point",
        "coordinates": [
          117.799008,
          14.800032
        ]
      },
      "properties": {
        "feature_id": "GIS-260831-000007-XR",
        "feature_name": "tower-south",
        "address": "深圳市南山区科技园南区科苑路15号",
        "geom_type": "Point",
        "center_point": [
          117.799008,
          14.800032
        ],
        "created_at": "2026-03-10T11:15:16.853623",
        "updated_at": "2026-04-02T23:00:16.853623"
      }
    },
    {
      "id": 9110327911742799658,
      "type": "Feature",
      "geometry": {
        "type": "LineString",
        "coordinates": [
          [
            119.622323,
            17.759502
          ],
          [
            103.643586,
            32.090176
          ],
          [
            99.688696,
            7.920385
          ],
          [
            132.169442,
            16.946797
          ],
          [
            99.624865,
            24.330003
          ]
        ]
      },
      "properties": {
        "feature_id": "GEO-260831-000008-NI",
        "feature_name": "airport-old-area",
        "address": "大连市中山区人民路60号",
        "geom_type": "LineString",
        "center_point": [
          110.949782,
          19.809373
        ],
        "created_at": "2026-04-12T06:14:31.241716",
        "updated_at": "2026-05-12T07:49:31.241716"
      }
    },
    {
      "id": 2869905367759458433,
      "type": "Feature",
      "geometry": {
        "type": "Point",
        "coordinates": [
          121.726167,
          32.108607
        ]
      },
      "properties": {
        "feature_id": "LAND-260831-000009-DJ",
        "feature_name": "water-north",
        "address": "长沙市岳麓区岳麓大道233号",
        "geom_type": "Point",
        "center_point": [
          121.726167,
          32.108607
        ],
        "created_at": "2025-12-09T12:02:50.481255",
        "updated_at": "2025-12-10T03:00:50.481255"
      }
    },
    {
      "id": 5188256607069999914,
      "type": "Feature",
      "geometry": {
        "type": "Polygon",
        "coordinates": [
          [
            [
              112.454507,
              49.116527
            ],
            [
              127.609758,
              43.425045
            ],
            [
              81.82355,
              6.632099
            ],
            [
              121.92072,
              53.913143
            ],
            [
              112.454507,
              49.116527
            ]
          ]
        ]
      },
      "properties": {
        "feature_id": "LAND-260831-000010-QG",
        "feature_name": "old-area",
        "address": "长沙市岳麓区岳麓大道233号",
        "geom_type": "Polygon",
        "center_point": [
          110.952134,
          38.271704
        ],
        "created_at": "2026-01-21T20:41:51.360608",
        "updated_at": "2026-02-11T10:28:51.360608"
      }
    },
    {
      "id": 2523544585948438857,
      "type": "Feature",
      "geometry": {
        "type": "Point",
        "coordinates": [
          94.800492,
          45.987328
        ]
      },
      "properties": {
        "feature_id": "FEAT-260831-000011-VQ",
        "feature_name": "airport-underground",
        "address": "武汉市江汉区解放大道1234号",
        "geom_type": "Point",
        "center_point": [
          94.800492,
          45.987328
        ],
        "created_at": "2026-07-31T10:54:11.617821",
        "updated_at": "2026-08-21T04:45:11.617821"
      }
    },
    {
      "id": 533255690524193872,
      "type": "Feature",
      "geometry": {
        "type": "Point",
        "coordinates": [
          93.77077,
          41.991418
        ]
      },
      "properties": {
        "feature_id": "FEAT-260831-000012-WZ",
        "feature_name": "tunnel-central",
        "address": "南京市玄武区中山路321号",
        "geom_type": "Point",
        "center_point": [
          93.77077,
          41.991418
        ],
        "created_at": "2026-08-23T17:22:55.979383",
        "updated_at": "2026-09-16T08:51:55.979383"
      }
    },
    {
      "id": 2263586884465524804,
      "type": "Feature",
      "geometry": {
        "type": "Point",
        "coordinates": [
          112.279397,
          19.514289
        ]
      },
      "properties": {
        "feature_id": "MAP-260831-000013-BN",
        "feature_name": "underground-gate",
        "address": "上海市浦东新区世纪大道100号",
        "geom_type": "Point",
        "center_point": [
          112.279397,
          19.514289
        ],
        "created_at": "2026-07-22T17:39:29.512730",
        "updated_at": "2026-07-31T22:07:29.512730"
      }
    },
    {
      "id": 9012437906958617961,
      "type": "Feature",
      "geometry": {
        "type": "Point",
        "coordinates": [
          119.119645,
          8.16541
        ]
      },
      "properties": {
        "feature_id": "MAP-260831-000014-ZQ",
        "feature_name": "harbor-north-segment",
        "address": "成都市武侯区天府大道北段1288号",
        "geom_type": "Point",
        "center_point": [
          119.119645,
          8.16541
        ],
        "created_at": "2026-04-19T19:50:44.292333",
        "updated_at": "2026-04-23T00:46:44.292333"
      }
    },
    {
      "id": 945236663815859667,
      "type": "Feature",
      "geometry": {
        "type": "LineString",
        "coordinates": [
          [
            112.777201,
            16.386763
          ],
          [
            97.379552,
            3.355726
          ],
          [
            126.782219,
            29.707787
          ],
          [
            80.606277,
            30.845101
          ]
        ]
      },
      "properties": {
        "feature_id": "GIS-260831-000015-SB",
        "feature_name": "central-terminal",
        "address": "大连市中山区人民路60号",
        "geom_type": "LineString",
        "center_point": [
          104.386312,
          20.073844
        ],
        "created_at": "2026-05-18T14:30:41.752632",
        "updated_at": "2026-05-31T19:33:41.752632"
      }
    },
    {
      "id": 6989030545777806738,
      "type": "Feature",
      "geometry": {
        "type": "Point",
        "coordinates": [
          101.373869,
          12.681347
        ]
      },
      "properties": {
        "feature_id": "FEAT-260831-000016-TN",
        "feature_name": "road-old-segment",
        "address": "郑州市金水区金水路115号",
        "geom_type": "Point",
        "center_point": [
          101.373869,
          12.681347
        ],
        "created_at": "2026-01-13T18:02:05.558127",
        "updated_at": "2026-01-21T21:08:05.558127"
      }
    },
    {
      "id": 6808747527480111610,
      "type": "Feature",
      "geometry": {
        "type": "Point",
        "coordinates": [
          119.216437,
          45.30107
        ]
      },
      "properties": {
        "feature_id": "GIS-260831-000017-WM",
        "feature_name": "harbor-central-terminal",
        "address": "深圳市南山区科技园南区科苑路15号",
        "geom_type": "Point",
        "center_point": [
          119.216437,
          45.30107
        ],
        "created_at": "2026-03-21T19:16:48.442881",
        "updated_at": "2026-03-30T02:14:48.442881"
      }
    },
    {
      "id": 7462450462621596328,
      "type": "Feature",
      "geometry": {
        "type": "Point",
        "coordinates": [
          126.684433,
          34.996156
        ]
      },
      "properties": {
        "feature_id": "LAND-260831-000018-BO",
        "feature_name": "water-east",
        "address": "西安市雁塔区雁塔南路88号",
        "geom_type": "Point",
        "center_point": [
          126.684433,
          34.996156
        ],
        "created_at": "2025-10-28T08:47:27.451128",
        "updated_at": "2025-11-27T02:05:27.451128"
      }
    },
    {
      "id": 3326622955892911828,
      "type": "Feature",
      "geometry": {
        "type": "Point",
        "coordinates": [
          129.249375,
          29.095433
        ]
      },
      "properties": {
        "feature_id": "FEAT-260831-000019-CR",
        "feature_name": "airport-old",
        "address": "杭州市西湖区文三路18号",
        "geom_type": "Point",
        "center_point": [
          129.249375,
          29.095433
        ],
        "created_at": "2026-06-21T20:13:42.030535",
        "updated_at": "2026-07-17T23:53:42.030535"
      }
    },
    {
      "id": 2161406874466669968,
      "type": "Feature",
      "geometry": {
        "type": "Point",
        "coordinates": [
          132.497086,
          7.92884
        ]
      },
      "properties": {
        "feature_id": "MAP-260831-000020-HQ",
        "feature_name": "park-east-gate",
        "address": "长沙市岳麓区岳麓大道233号",
        "geom_type": "Point",
        "center_point": [
          132.497086,
          7.92884
        ],
        "created_at": "2026-03-23T22:09:56.289323",
        "updated_at": "2026-04-19T20:29:56.289323"
      }
    },
    {
      "id": 1131831525572517170,
      "type": "Feature",
      "geometry": {
        "type": "Point",
        "coordinates": [
          103.128903,
          15.375722
        ]
      },
      "properties": {
        "feature_id": "FEAT-260831-000021-QM",
        "feature_name": "harbor-branch",
        "address": "深圳市南山区科技园南区科苑路15号",
        "geom_type": "Point",
        "center_point": [
          103.128903,
          15.375722
        ],
        "created_at": "2026-05-31T21:13:15.959721",
        "updated_at": "2026-06-05T16:34:15.959721"
      }
    },
    {
      "id": 8293320177333681342,
      "type": "Feature",
      "geometry": {
        "type": "Point",
        "coordinates": [
          125.816005,
          52.32452
        ]
      },
      "properties": {
        "feature_id": "LAND-260831-000022-QH",
        "feature_name": "harbor-new",
        "address": "南京市玄武区中山路321号",
        "geom_type": "Point",
        "center_point": [
          125.816005,
          52.32452
        ],
        "created_at": "2025-10-07T03:36:03.179560",
        "updated_at": "2025-10-21T14:41:03.179560"
      }
    },
    {
      "id": 7458796944539347711,
      "type": "Feature",
      "geometry": {
        "type": "LineString",
        "coordinates": [
          [
            89.021842,
            37.51439
          ],
          [
            122.777672,
            32.050502
          ],
          [
            129.707221,
            12.182515
          ],
          [
            82.24074,
            14.055922
          ],
          [
            111.73756,
            51.095017
          ],
          [
            125.452605,
            48.058267
          ],
          [
            131.363861,
            34.128504
          ],
          [
            111.000886,
            24.516554
          ]
        ]
      },
      "properties": {
        "feature_id": "LAND-260831-000023-YK",
        "feature_name": "new-terminal",
        "address": "南京市玄武区中山路321号",
        "geom_type": "LineString",
        "center_point": [
          112.912798,
          31.700209
        ],
        "created_at": "2026-07-16T18:40:44.449355",
        "updated_at": "2026-07-22T06:49:44.449355"
      }
    },
    {
      "id": 1491620033214109513,
      "type": "Feature",
      "geometry": {
        "type": "Point",
        "coordinates": [
          119.609654,
          29.94316
        ]
      },
      "properties": {
        "feature_id": "MAP-260831-000024-XE",
        "feature_name": "central-terminal",
        "address": "上海市浦东新区世纪大道100号",
        "geom_type": "Point",
        "center_point": [
          119.609654,
          29.94316
        ],
        "created_at": "2026-02-22T01:51:58.085639",
        "updated_at": "2026-03-18T17:42:58.085639"
      }
    },
    {
      "id": 9089755243310696962,
      "type": "Feature",
      "geometry": {
        "type": "Point",
        "coordinates": [
          122.295853,
          7.295514
        ]
      },
      "properties": {
        "feature_id": "LAND-260831-000025-BD",
        "feature_name": "scenic-area",
        "address": "杭州市西湖区文三路18号",
        "geom_type": "Point",
        "center_point": [
          122.295853,
          7.295514
        ],
        "created_at": "2025-11-16T21:17:53.352907",
        "updated_at": "2025-12-07T12:44:53.352907"
      }
    },
    {
      "id": 5258382646617577861,
      "type": "Feature",
      "geometry": {
        "type": "Point",
        "coordinates": [
          126.714165,
          53.971106
        ]
      },
      "properties": {
        "feature_id": "MAP-260831-000026-RI",
        "feature_name": "building-south-segment",
        "address": "深圳市南山区科技园南区科苑路15号",
        "geom_type": "Point",
        "center_point": [
          126.714165,
          53.971106
        ],
        "created_at": "2026-02-01T23:32:54.151655",
        "updated_at": "2026-02-02T08:48:54.151655"
      }
    },
    {
      "id": 1786466995815068871,
      "type": "Feature",
      "geometry": {
        "type": "Point",
        "coordinates": [
          122.786338,
          38.459852
        ]
      },
      "properties": {
        "feature_id": "GEO-260831-000027-JR",
        "feature_name": "harbor-old-area",
        "address": "武汉市江汉区解放大道1234号",
        "geom_type": "Point",
        "center_point": [
          122.786338,
          38.459852
        ],
        "created_at": "2026-01-26T10:15:02.393958",
        "updated_at": "2026-02-15T16:29:02.393958"
      }
    },
    {
      "id": 4183895038001778661,
      "type": "Feature",
      "geometry": {
        "type": "LineString",
        "coordinates": [
          [
            79.96832,
            23.204644
          ],
          [
            124.762712,
            14.77905
          ],
          [
            114.183051,
            42.200928
          ],
          [
            110.705631,
            43.134958
          ],
          [
            80.250207,
            33.884858
          ]
        ]
      },
      "properties": {
        "feature_id": "GEO-260831-000028-JO",
        "feature_name": "tunnel-branch",
        "address": "广州市天河区天河路385号",
        "geom_type": "LineString",
        "center_point": [
          101.973984,
          31.440888
        ],
        "created_at": "2026-03-30T19:18:59.332716",
        "updated_at": "2026-04-05T17:28:59.332716"
      }
    },
    {
      "id": 4603891316899416112,
      "type": "Feature",
      "geometry": {
        "type": "LineString",
        "coordinates": [
          [
            102.585062,
            47.573226
          ],
          [
            121.676656,
            33.399275
          ],
          [
            117.696704,
            24.383125
          ],
          [
            115.688798,
            17.402535
          ],
          [
            133.432908,
            31.279199
          ],
          [
            123.546114,
            10.101619
          ],
          [
            127.369805,
            51.436255
          ]
        ]
      },
      "properties": {
        "feature_id": "GIS-260831-000029-KU",
        "feature_name": "tunnel-new-zone",
        "address": "成都市武侯区天府大道北段1288号",
        "geom_type": "LineString",
        "center_point": [
          120.28515,
          30.796462
        ],
        "created_at": "2026-07-25T21:49:24.357283",
        "updated_at": "2026-08-12T03:19:24.357283"
      }
    },
    {
      "id": 4034319219952946988,
      "type": "Feature",
      "geometry": {
        "type": "Point",
        "coordinates": [
          88.096619,
          45.882506
        ]
      },
      "properties": {
        "feature_id": "GIS-260831-000030-ZK",
        "feature_name": "station-new-gate",
        "address": "深圳市南山区科技园南区科苑路15号",
        "geom_type": "Point",
        "center_point": [
          88.096619,
          45.882506
        ],
        "created_at": "2026-06-23T16:30:17.607594",
        "updated_at": "2026-07-16T15:13:17.607594"
      }
    },
    {
      "id": 7294059973726558216,
      "type": "Feature",
      "geometry": {
        "type": "Point",
        "coordinates": [
          80.448481,
          45.156484
        ]
      },
      "properties": {
        "feature_id": "FEAT-260831-000031-GE",
        "feature_name": "tower-elevated",
        "address": "厦门市思明区湖滨南路99号",
        "geom_type": "Point",
        "center_point": [
          80.448481,
          45.156484
        ],
        "created_at": "2025-10-30T21:17:34.088175",
        "updated_at": "2025-11-18T07:34:34.088175"
      }
    },
    {
      "id": 5595303390104747189,
      "type": "Feature",
      "geometry": {
        "type": "Point",
        "coordinates": [
          101.577891,
          7.525206
        ]
      },
      "properties": {
        "feature_id": "MAP-260831-000032-VZ",
        "feature_name": "park-south",
        "address": "厦门市思明区湖滨南路99号",
        "geom_type": "Point",
        "center_point": [
          101.577891,
          7.525206
        ],
        "created_at": "2025-10-14T11:14:20.066306",
        "updated_at": "2025-11-11T01:38:20.066306"
      }
    },
    {
      "id": 3940123343308891629,
      "type": "Feature",
      "geometry": {
        "type": "LineString",
        "coordinates": [
          [
            128.437304,
            10.531499
          ],
          [
            105.493872,
            51.18665
          ],
          [
            121.878558,
            3.99507
          ],
          [
            82.408697,
            13.856462
          ],
          [
            102.127153,
            19.152268
          ],
          [
            82.393756,
            33.848464
          ],
          [
            83.14917,
            9.915937
          ],
          [
            104.464,
            34.509522
          ]
        ]
      },
      "properties": {
        "feature_id": "MAP-260831-000033-AK",
        "feature_name": "north-terminal",
        "address": "厦门市思明区湖滨南路99号",
        "geom_type": "LineString",
        "center_point": [
          101.294064,
          22.124484
        ],
        "created_at": "2026-06-30T12:40:53.055981",
        "updated_at": "2026-07-10T02:26:53.055981"
      }
    },
    {
      "id": 5745221800998431596,
      "type": "Feature",
      "geometry": {
        "type": "Polygon",
        "coordinates": [
          [
            [
              122.193452,
              42.066081
            ],
            [
              120.927899,
              4.653317
            ],
            [
              108.239805,
              22.212479
            ],
            [
              102.630411,
              50.62592
            ],
            [
              118.002356,
              13.584872
            ],
            [
              122.193452,
              42.066081
            ]
          ]
        ]
      },
      "properties": {
        "feature_id": "FEAT-260831-000034-NT",
        "feature_name": "underground-segment",
        "address": "郑州市金水区金水路115号",
        "geom_type": "Polygon",
        "center_point": [
          114.398785,
          26.628534
        ],
        "created_at": "2025-11-20T17:16:17.283370",
        "updated_at": "2025-12-06T13:48:17.283370"
      }
    },
    {
      "id": 640885647715799422,
      "type": "Feature",
      "geometry": {
        "type": "Polygon",
        "coordinates": [
          [
            [
              75.187435,
              34.061759
            ],
            [
              89.703465,
              22.218059
            ],
            [
              114.465068,
              51.351431
            ],
            [
              84.13753,
              51.641083
            ],
            [
              75.187435,
              34.061759
            ]
          ]
        ]
      },
      "properties": {
        "feature_id": "MAP-260831-000035-XW",
        "feature_name": "bridge-underground-area",
        "address": "厦门市思明区湖滨南路99号",
        "geom_type": "Polygon",
        "center_point": [
          90.873374,
          39.818083
        ],
        "created_at": "2026-07-07T20:43:29.622649",
        "updated_at": "2026-07-28T06:06:29.622649"
      }
    },
    {
      "id": 586694711143268708,
      "type": "Feature",
      "geometry": {
        "type": "Point",
        "coordinates": [
          79.837324,
          51.036602
        ]
      },
      "properties": {
        "feature_id": "GIS-260831-000036-BF",
        "feature_name": "building-new",
        "address": "上海市浦东新区世纪大道100号",
        "geom_type": "Point",
        "center_point": [
          79.837324,
          51.036602
        ],
        "created_at": "2026-05-21T02:37:43.056457",
        "updated_at": "2026-06-07T21:35:43.056457"
      }
    },
    {
      "id": 4625672753721080119,
      "type": "Feature",
      "geometry": {
        "type": "LineString",
        "coordinates": [
          [
            94.009389,
            52.942839
          ],
          [
            81.041836,
            39.762858
          ],
          [
            109.230716,
            40.044616
          ],
          [
            102.911125,
            27.055109
          ],
          [
            109.336703,
            10.135207
          ],
          [
            107.569331,
            33.59036
          ]
        ]
      },
      "properties": {
        "feature_id": "MAP-260831-000037-CU",
        "feature_name": "main-section",
        "address": "武汉市江汉区解放大道1234号",
        "geom_type": "LineString",
        "center_point": [
          100.683183,
          33.921832
        ],
        "created_at": "2026-04-23T11:43:25.329322",
        "updated_at": "2026-05-10T05:03:25.329322"
      }
    },
    {
      "id": 6725717558639372716,
      "type": "Feature",
      "geometry": {
        "type": "LineString",
        "coordinates": [
          [
            100.087926,
            48.229208
          ],
          [
            91.056265,
            20.11249
          ],
          [
            110.200951,
            51.345424
          ],
          [
            107.518179,
            50.48542
          ],
          [
            98.841145,
            19.006453
          ],
          [
            94.131493,
            32.431072
          ]
        ]
      },
      "properties": {
        "feature_id": "GEO-260831-000038-KZ",
        "feature_name": "scenic-section",
        "address": "南京市玄武区中山路321号",
        "geom_type": "LineString",
        "center_point": [
          100.305993,
          36.935011
        ],
        "created_at": "2026-01-13T17:52:02.843375",
        "updated_at": "2026-01-20T03:07:02.843375"
      }
    },
    {
      "id": 743169421760167937,
      "type": "Feature",
      "geometry": {
        "type": "Point",
        "coordinates": [
          82.51821,
          5.795312
        ]
      },
      "properties": {
        "feature_id": "MAP-260831-000039-WD",
        "feature_name": "east-area",
        "address": "杭州市西湖区文三路18号",
        "geom_type": "Point",
        "center_point": [
          82.51821,
          5.795312
        ],
        "created_at": "2026-02-06T09:51:56.414622",
        "updated_at": "2026-02-08T07:10:56.414622"
      }
    },
    {
      "id": 2121407283695151017,
      "type": "Feature",
      "geometry": {
        "type": "Point",
        "coordinates": [
          121.564731,
          5.542604
        ]
      },
      "properties": {
        "feature_id": "GEO-260831-000040-AC",
        "feature_name": "water-scenic-terminal",
        "address": "武汉市江汉区解放大道1234号",
        "geom_type": "Point",
        "center_point": [
          121.564731,
          5.542604
        ],
        "created_at": "2026-01-25T02:25:39.682016",
        "updated_at": "2026-01-27T13:45:39.682016"
      }
    },
    {
      "id": 5664992312234110491,
      "type": "Feature",
      "geometry": {
        "type": "Polygon",
        "coordinates": [
          [
            [
              96.246135,
              53.664447
            ],
            [
              83.140438,
              42.293917
            ],
            [
              89.188284,
              18.013523
            ],
            [
              108.546465,
              29.710618
            ],
            [
              90.496521,
              48.927776
            ],
            [
              97.457365,
              34.604358
            ],
            [
              126.392938,
              21.50008
            ],
            [
              96.246135,
              53.664447
            ]
          ]
        ]
      },
      "properties": {
        "feature_id": "FEAT-260831-000041-KR",
        "feature_name": "dam-new-area",
        "address": "郑州市金水区金水路115号",
        "geom_type": "Polygon",
        "center_point": [
          98.781164,
          35.530674
        ],
        "created_at": "2026-05-09T06:54:21.337525",
        "updated_at": "2026-05-25T10:20:21.337525"
      }
    },
    {
      "id": 1049085634720710008,
      "type": "Feature",
      "geometry": {
        "type": "Point",
        "coordinates": [
          125.228411,
          33.857795
        ]
      },
      "properties": {
        "feature_id": "FEAT-260831-000042-YC",
        "feature_name": "new-segment",
        "address": "南京市玄武区中山路321号",
        "geom_type": "Point",
        "center_point": [
          125.228411,
          33.857795
        ],
        "created_at": "2026-02-01T17:10:00.972504",
        "updated_at": "2026-02-08T20:04:00.972504"
      }
    },
    {
      "id": 5957189790965286863,
      "type": "Feature",
      "geometry": {
        "type": "Point",
        "coordinates": [
          121.953712,
          4.764565
        ]
      },
      "properties": {
        "feature_id": "GIS-260831-000043-HS",
        "feature_name": "central-section",
        "address": "长沙市岳麓区岳麓大道233号",
        "geom_type": "Point",
        "center_point": [
          121.953712,
          4.764565
        ],
        "created_at": "2025-11-25T09:54:37.953425",
        "updated_at": "2025-11-29T14:11:37.953425"
      }
    },
    {
      "id": 5298735190833668164,
      "type": "Feature",
      "geometry": {
        "type": "Point",
        "coordinates": [
          133.665184,
          10.774963
        ]
      },
      "properties": {
        "feature_id": "LAND-260831-000044-QF",
        "feature_name": "airport-central",
        "address": "厦门市思明区湖滨南路99号",
        "geom_type": "Point",
        "center_point": [
          133.665184,
          10.774963
        ],
        "created_at": "2026-06-08T08:51:57.766782",
        "updated_at": "2026-06-21T03:22:57.766782"
      }
    },
    {
      "id": 8830062748540904559,
      "type": "Feature",
      "geometry": {
        "type": "Polygon",
        "coordinates": [
          [
            [
              121.545441,
              16.894065
            ],
            [
              117.808664,
              24.118621
            ],
            [
              134.065695,
              41.086573
            ],
            [
              77.881386,
              41.28716
            ],
            [
              116.172645,
              44.218769
            ],
            [
              121.545441,
              16.894065
            ]
          ]
        ]
      },
      "properties": {
        "feature_id": "FEAT-260831-000045-BI",
        "feature_name": "east-terminal",
        "address": "郑州市金水区金水路115号",
        "geom_type": "Polygon",
        "center_point": [
          113.494766,
          33.521038
        ],
        "created_at": "2025-09-21T21:45:03.242001",
        "updated_at": "2025-10-20T16:03:03.242001"
      }
    },
    {
      "id": 7777843147441334181,
      "type": "Feature",
      "geometry": {
        "type": "Point",
        "coordinates": [
          119.360757,
          24.631224
        ]
      },
      "properties": {
        "feature_id": "GEO-260831-000046-RY",
        "feature_name": "park-underground",
        "address": "南京市玄武区中山路321号",
        "geom_type": "Point",
        "center_point": [
          119.360757,
          24.631224
        ],
        "created_at": "2026-02-12T13:51:38.618268",
        "updated_at": "2026-02-12T22:19:38.618268"
      }
    },
    {
      "id": 6180599992441621602,
      "type": "Feature",
      "geometry": {
        "type": "LineString",
        "coordinates": [
          [
            113.43603,
            14.58085
          ],
          [
            86.321418,
            35.399373
          ],
          [
            77.359113,
            42.705775
          ],
          [
            120.313732,
            7.801202
          ]
        ]
      },
      "properties": {
        "feature_id": "GIS-260831-000047-JW",
        "feature_name": "square-branch",
        "address": "成都市武侯区天府大道北段1288号",
        "geom_type": "LineString",
        "center_point": [
          99.357573,
          25.1218
        ],
        "created_at": "2026-07-06T22:34:50.164623",
        "updated_at": "2026-07-28T03:41:50.164623"
      }
    },
    {
      "id": 6503816578044068453,
      "type": "Feature",
      "geometry": {
        "type": "Point",
        "coordinates": [
          119.726256,
          49.76033
        ]
      },
      "properties": {
        "feature_id": "FEAT-260831-000048-KM",
        "feature_name": "south-section",
        "address": "深圳市南山区科技园南区科苑路15号",
        "geom_type": "Point",
        "center_point": [
          119.726256,
          49.76033
        ],
        "created_at": "2026-07-10T14:34:48.712631",
        "updated_at": "2026-07-13T12:59:48.712631"
      }
    },
    {
      "id": 6945997871537744568,
      "type": "Feature",
      "geometry": {
        "type": "Point",
        "coordinates": [
          121.643104,
          3.533732
        ]
      },
      "properties": {
        "feature_id": "MAP-260831-000049-GY",
        "feature_name": "main-zone",
        "address": "西安市雁塔区雁塔南路88号",
        "geom_type": "Point",
        "center_point": [
          121.643104,
          3.533732
        ],
        "created_at": "2025-11-03T13:39:23.826923",
        "updated_at": "2025-11-29T20:34:23.826923"
      }
    },
    {
      "id": 1725709387580316442,
      "type": "Feature",
      "geometry": {
        "type": "Point",
        "coordinates": [
          119.110329,
          27.088978
        ]
      },
      "properties": {
        "feature_id": "FEAT-260831-000050-PF",
        "feature_name": "bridge-east",
        "address": "成都市武侯区天府大道北段1288号",
        "geom_type": "Point",
        "center_point": [
          119.110329,
          27.088978
        ],
        "created_at": "2025-12-28T12:31:23.782710",
        "updated_at": "2026-01-14T06:49:23.782710"
      }
    },
    {
      "id": 1165770565913390965,
      "type": "Feature",
      "geometry": {
        "type": "Point",
        "coordinates": [
          124.205402,
          14.074559
        ]
      },
      "properties": {
        "feature_id": "FEAT-260831-000051-JG",
        "feature_name": "airport-west",
        "address": "北京市东城区长安街1号",
        "geom_type": "Point",
        "center_point": [
          124.205402,
          14.074559
        ],
        "created_at": "2025-12-22T14:20:43.239723",
        "updated_at": "2026-01-04T09:54:43.239723"
      }
    },
    {
      "id": 985169734374775522,
      "type": "Feature",
      "geometry": {
        "type": "Point",
        "coordinates": [
          131.888342,
          21.787553
        ]
      },
      "properties": {
        "feature_id": "GIS-260831-000052-VJ",
        "feature_name": "water-scenic",
        "address": "广州市天河区天河路385号",
        "geom_type": "Point",
        "center_point": [
          131.888342,
          21.787553
        ],
        "created_at": "2026-06-01T08:21:15.671889",
        "updated_at": "2026-06-14T14:07:15.671889"
      }
    },
    {
      "id": 5379617804934311052,
      "type": "Feature",
      "geometry": {
        "type": "Point",
        "coordinates": [
          102.420249,
          37.7743
        ]
      },
      "properties": {
        "feature_id": "FEAT-260831-000053-VJ",
        "feature_name": "old-segment",
        "address": "武汉市江汉区解放大道1234号",
        "geom_type": "Point",
        "center_point": [
          102.420249,
          37.7743
        ],
        "created_at": "2026-08-15T19:08:49.122871",
        "updated_at": "2026-09-04T02:05:49.122871"
      }
    },
    {
      "id": 4646882871246839975,
      "type": "Feature",
      "geometry": {
        "type": "Point",
        "coordinates": [
          120.058095,
          40.878269
        ]
      },
      "properties": {
        "feature_id": "FEAT-260831-000054-LS",
        "feature_name": "airport-old-gate",
        "address": "成都市武侯区天府大道北段1288号",
        "geom_type": "Point",
        "center_point": [
          120.058095,
          40.878269
        ],
        "created_at": "2026-03-22T01:25:56.365606",
        "updated_at": "2026-04-05T18:11:56.365606"
      }
    },
    {
      "id": 177737253792783489,
      "type": "Feature",
      "geometry": {
        "type": "Point",
        "coordinates": [
          77.81528,
          16.286597
        ]
      },
      "properties": {
        "feature_id": "GIS-260831-000055-PJ",
        "feature_name": "bridge-scenic",
        "address": "杭州市西湖区文三路18号",
        "geom_type": "Point",
        "center_point": [
          77.81528,
          16.286597
        ],
        "created_at": "2026-01-01T16:09:58.139961",
        "updated_at": "2026-01-05T09:50:58.139961"
      }
    },
    {
      "id": 4264675123076292202,
      "type": "Feature",
      "geometry": {
        "type": "Point",
        "coordinates": [
          97.693514,
          33.069859
        ]
      },
      "properties": {
        "feature_id": "GEO-260831-000056-UO",
        "feature_name": "tower-new-segment",
        "address": "深圳市南山区科技园南区科苑路15号",
        "geom_type": "Point",
        "center_point": [
          97.693514,
          33.069859
        ],
        "created_at": "2026-08-26T14:30:20.817717",
        "updated_at": "2026-09-05T03:32:20.817717"
      }
    },
    {
      "id": 8599056255947104388,
      "type": "Feature",
      "geometry": {
        "type": "Point",
        "coordinates": [
          74.747991,
          41.616653
        ]
      },
      "properties": {
        "feature_id": "MAP-260831-000057-WT",
        "feature_name": "tunnel-west",
        "address": "青岛市市南区香港中路78号",
        "geom_type": "Point",
        "center_point": [
          74.747991,
          41.616653
        ],
        "created_at": "2025-09-02T12:26:29.050607",
        "updated_at": "2025-09-29T15:24:29.050607"
      }
    },
    {
      "id": 5482753490204082764,
      "type": "Feature",
      "geometry": {
        "type": "LineString",
        "coordinates": [
          [
            126.812215,
            18.306461
          ],
          [
            117.756872,
            48.300179
          ],
          [
            131.217423,
            19.823563
          ]
        ]
      },
      "properties": {
        "feature_id": "MAP-260831-000058-IL",
        "feature_name": "west-section",
        "address": "杭州市西湖区文三路18号",
        "geom_type": "LineString",
        "center_point": [
          125.26217,
          28.810068
        ],
        "created_at": "2026-03-15T12:58:09.094497",
        "updated_at": "2026-03-19T22:35:09.094497"
      }
    },
    {
      "id": 6833357065536970226,
      "type": "Feature",
      "geometry": {
        "type": "Point",
        "coordinates": [
          126.817411,
          19.935284
        ]
      },
      "properties": {
        "feature_id": "GIS-260831-000059-SP",
        "feature_name": "building-branch-zone",
        "address": "杭州市西湖区文三路18号",
        "geom_type": "Point",
        "center_point": [
          126.817411,
          19.935284
        ],
        "created_at": "2025-10-27T08:06:42.568250",
        "updated_at": "2025-11-09T02:53:42.568250"
      }
    },
    {
      "id": 8558122261797312282,
      "type": "Feature",
      "geometry": {
        "type": "Polygon",
        "coordinates": [
          [
            [
              95.332384,
              42.606093
            ],
            [
              124.197623,
              36.811679
            ],
            [
              113.892888,
              27.702591
            ],
            [
              110.391571,
              9.786317
            ],
            [
              133.029789,
              40.964834
            ],
            [
              98.971225,
              39.612727
            ],
            [
              82.826236,
              34.781291
            ],
            [
              95.332384,
              42.606093
            ]
          ]
        ]
      },
      "properties": {
        "feature_id": "LAND-260831-000060-KT",
        "feature_name": "airport-main",
        "address": "深圳市南山区科技园南区科苑路15号",
        "geom_type": "Polygon",
        "center_point": [
          108.377388,
          33.18079
        ],
        "created_at": "2026-06-04T14:53:16.371415",
        "updated_at": "2026-07-03T22:03:16.371415"
      }
    },
    {
      "id": 4973048337446529751,
      "type": "Feature",
      "geometry": {
        "type": "Point",
        "coordinates": [
          118.940524,
          39.578121
        ]
      },
      "properties": {
        "feature_id": "GIS-260831-000061-FB",
        "feature_name": "bridge-branch-zone",
        "address": "武汉市江汉区解放大道1234号",
        "geom_type": "Point",
        "center_point": [
          118.940524,
          39.578121
        ],
        "created_at": "2026-03-30T19:34:15.584046",
        "updated_at": "2026-04-11T21:43:15.584046"
      }
    },
    {
      "id": 4833865408354604706,
      "type": "Feature",
      "geometry": {
        "type": "LineString",
        "coordinates": [
          [
            125.151012,
            8.628211
          ],
          [
            75.594949,
            39.841749
          ],
          [
            96.365985,
            37.236068
          ],
          [
            119.239433,
            37.006127
          ],
          [
            134.070899,
            3.31344
          ]
        ]
      },
      "properties": {
        "feature_id": "LAND-260831-000062-UD",
        "feature_name": "tower-main",
        "address": "北京市东城区长安街1号",
        "geom_type": "LineString",
        "center_point": [
          110.084456,
          25.205119
        ],
        "created_at": "2026-01-05T17:27:44.554605",
        "updated_at": "2026-01-21T10:06:44.554605"
      }
    },
    {
      "id": 2166090719638898370,
      "type": "Feature",
      "geometry": {
        "type": "Point",
        "coordinates": [
          90.82111,
          41.616355
        ]
      },
      "properties": {
        "feature_id": "FEAT-260831-000063-SK",
        "feature_name": "bridge-branch-segment",
        "address": "成都市武侯区天府大道北段1288号",
        "geom_type": "Point",
        "center_point": [
          90.82111,
          41.616355
        ],
        "created_at": "2026-08-10T02:07:18.305962",
        "updated_at": "2026-08-16T19:32:18.305962"
      }
    },
    {
      "id": 2685620552733771134,
      "type": "Feature",
      "geometry": {
        "type": "LineString",
        "coordinates": [
          [
            83.453504,
            37.017173
          ],
          [
            103.625336,
            45.158016
          ],
          [
            84.447376,
            20.004387
          ],
          [
            116.295967,
            19.452102
          ],
          [
            88.484142,
            43.538463
          ],
          [
            113.234663,
            28.405019
          ],
          [
            79.927921,
            36.66863
          ],
          [
            126.170792,
            6.977463
          ]
        ]
      },
      "properties": {
        "feature_id": "LAND-260831-000064-RQ",
        "feature_name": "airport-old",
        "address": "上海市浦东新区世纪大道100号",
        "geom_type": "LineString",
        "center_point": [
          99.454963,
          29.652657
        ],
        "created_at": "2025-09-09T07:29:20.588289",
        "updated_at": "2025-10-01T17:06:20.588289"
      }
    },
    {
      "id": 5224315841854582684,
      "type": "Feature",
      "geometry": {
        "type": "Point",
        "coordinates": [
          99.486662,
          26.600748
        ]
      },
      "properties": {
        "feature_id": "GIS-260831-000065-FZ",
        "feature_name": "station-east-zone",
        "address": "重庆市渝中区解放碑步行街",
        "geom_type": "Point",
        "center_point": [
          99.486662,
          26.600748
        ],
        "created_at": "2025-10-02T04:13:53.008320",
        "updated_at": "2025-10-12T00:53:53.008320"
      }
    },
    {
      "id": 6763402140109377085,
      "type": "Feature",
      "geometry": {
        "type": "Point",
        "coordinates": [
          96.107439,
          19.213721
        ]
      },
      "properties": {
        "feature_id": "GIS-260831-000066-SW",
        "feature_name": "water-underground-zone",
        "address": "上海市浦东新区世纪大道100号",
        "geom_type": "Point",
        "center_point": [
          96.107439,
          19.213721
        ],
        "created_at": "2025-10-28T09:47:15.139894",
        "updated_at": "2025-11-15T02:50:15.139894"
      }
    },
    {
      "id": 272060712284576707,
      "type": "Feature",
      "geometry": {
        "type": "LineString",
        "coordinates": [
          [
            92.021893,
            50.81294
          ],
          [
            105.457123,
            44.973932
          ],
          [
            133.94002,
            13.66582
          ],
          [
            90.644971,
            9.100218
          ],
          [
            126.111196,
            29.176214
          ]
        ]
      },
      "properties": {
        "feature_id": "FEAT-260831-000067-GB",
        "feature_name": "bridge-underground-section",
        "address": "南京市玄武区中山路321号",
        "geom_type": "LineString",
        "center_point": [
          109.635041,
          29.545825
        ],
        "created_at": "2025-12-25T15:50:02.746845",
        "updated_at": "2026-01-11T02:30:02.746845"
      }
    },
    {
      "id": 6904893994327421136,
      "type": "Feature",
      "geometry": {
        "type": "Point",
        "coordinates": [
          75.991789,
          26.873799
        ]
      },
      "properties": {
        "feature_id": "LAND-260831-000068-CA",
        "feature_name": "tower-south-area",
        "address": "杭州市西湖区文三路18号",
        "geom_type": "Point",
        "center_point": [
          75.991789,
          26.873799
        ],
        "created_at": "2026-05-15T01:14:10.243224",
        "updated_at": "2026-06-09T10:23:10.243224"
      }
    },
    {
      "id": 4838449452962083114,
      "type": "Feature",
      "geometry": {
        "type": "Point",
        "coordinates": [
          86.730107,
          19.349997
        ]
      },
      "properties": {
        "feature_id": "GIS-260831-000069-HY",
        "feature_name": "tunnel-west-gate",
        "address": "青岛市市南区香港中路78号",
        "geom_type": "Point",
        "center_point": [
          86.730107,
          19.349997
        ],
        "created_at": "2026-05-13T13:13:40.506556",
        "updated_at": "2026-05-26T02:08:40.506556"
      }
    },
    {
      "id": 5454236269736678215,
      "type": "Feature",
      "geometry": {
        "type": "LineString",
        "coordinates": [
          [
            122.03965,
            33.730457
          ],
          [
            112.086616,
            11.872587
          ],
          [
            100.188308,
            26.647694
          ],
          [
            84.046013,
            5.91219
          ],
          [
            116.493023,
            53.591067
          ],
          [
            127.476034,
            42.075338
          ],
          [
            83.693483,
            32.954155
          ]
        ]
      },
      "properties": {
        "feature_id": "MAP-260831-000070-NQ",
        "feature_name": "airport-main",
        "address": "武汉市江汉区解放大道1234号",
        "geom_type": "LineString",
        "center_point": [
          106.574732,
          29.540498
        ],
        "created_at": "2025-11-14T15:23:21.509049",
        "updated_at": "2025-12-08T22:45:21.509049"
      }
    },
    {
      "id": 4429984785535276167,
      "type": "Feature",
      "geometry": {
        "type": "Point",
        "coordinates": [
          77.731396,
          21.018721
        ]
      },
      "properties": {
        "feature_id": "GIS-260831-000071-MH",
        "feature_name": "branch-gate",
        "address": "郑州市金水区金水路115号",
        "geom_type": "Point",
        "center_point": [
          77.731396,
          21.018721
        ],
        "created_at": "2025-12-23T09:11:19.412048",
        "updated_at": "2025-12-25T05:33:19.412048"
      }
    },
    {
      "id": 3901935563185726850,
      "type": "Feature",
      "geometry": {
        "type": "Point",
        "coordinates": [
          85.203228,
          13.665302
        ]
      },
      "properties": {
        "feature_id": "FEAT-260831-000072-NS",
        "feature_name": "tower-branch-gate",
        "address": "重庆市渝中区解放碑步行街",
        "geom_type": "Point",
        "center_point": [
          85.203228,
          13.665302
        ],
        "created_at": "2026-02-27T12:55:56.088090",
        "updated_at": "2026-03-28T23:44:56.088090"
      }
    },
    {
      "id": 4402322344132462037,
      "type": "Feature",
      "geometry": {
        "type": "LineString",
        "coordinates": [
          [
            98.838415,
            6.202662
          ],
          [
            111.906572,
            39.637766
          ],
          [
            132.163781,
            16.912428
          ],
          [
            119.824057,
            27.935228
          ],
          [
            101.096727,
            30.817735
          ],
          [
            121.324352,
            38.759184
          ],
          [
            133.277548,
            32.311001
          ]
        ]
      },
      "properties": {
        "feature_id": "GIS-260831-000073-AW",
        "feature_name": "dam-scenic",
        "address": "武汉市江汉区解放大道1234号",
        "geom_type": "LineString",
        "center_point": [
          116.918779,
          27.510858
        ],
        "created_at": "2025-12-03T16:59:16.520768",
        "updated_at": "2025-12-16T08:30:16.520768"
      }
    },
    {
      "id": 6070068510710104561,
      "type": "Feature",
      "geometry": {
        "type": "LineString",
        "coordinates": [
          [
            115.114484,
            23.416981
          ],
          [
            89.00219,
            8.465552
          ],
          [
            93.782682,
            40.322217
          ],
          [
            85.966808,
            14.118044
          ],
          [
            101.340967,
            7.311488
          ],
          [
            127.202029,
            42.292516
          ],
          [
            83.012215,
            40.469343
          ]
        ]
      },
      "properties": {
        "feature_id": "LAND-260831-000074-TD",
        "feature_name": "branch-zone",
        "address": "重庆市渝中区解放碑步行街",
        "geom_type": "LineString",
        "center_point": [
          99.345911,
          25.199449
        ],
        "created_at": "2026-04-09T20:43:18.928550",
        "updated_at": "2026-04-29T21:51:18.928550"
      }
    },
    {
      "id": 3347011107474501047,
      "type": "Feature",
      "geometry": {
        "type": "Point",
        "coordinates": [
          119.05678,
          51.150561
        ]
      },
      "properties": {
        "feature_id": "FEAT-260831-000075-ZN",
        "feature_name": "west-terminal",
        "address": "大连市中山区人民路60号",
        "geom_type": "Point",
        "center_point": [
          119.05678,
          51.150561
        ],
        "created_at": "2025-11-19T03:51:08.967261",
        "updated_at": "2025-12-16T11:30:08.967261"
      }
    },
    {
      "id": 602561620436346920,
      "type": "Feature",
      "geometry": {
        "type": "Point",
        "coordinates": [
          89.992665,
          7.364729
        ]
      },
      "properties": {
        "feature_id": "GEO-260831-000076-TG",
        "feature_name": "elevated-terminal",
        "address": "厦门市思明区湖滨南路99号",
        "geom_type": "Point",
        "center_point": [
          89.992665,
          7.364729
        ],
        "created_at": "2025-09-21T05:06:54.399563",
        "updated_at": "2025-09-27T16:02:54.399563"
      }
    },
    {
      "id": 12276133117455711,
      "type": "Feature",
      "geometry": {
        "type": "LineString",
        "coordinates": [
          [
            104.637551,
            3.913152
          ],
          [
            114.087253,
            9.912737
          ],
          [
            131.776354,
            43.327942
          ],
          [
            77.388887,
            43.921016
          ],
          [
            85.519235,
            23.350914
          ],
          [
            120.019834,
            47.430388
          ]
        ]
      },
      "properties": {
        "feature_id": "MAP-260831-000077-UF",
        "feature_name": "elevated-area",
        "address": "厦门市思明区湖滨南路99号",
        "geom_type": "LineString",
        "center_point": [
          105.571519,
          28.642692
        ],
        "created_at": "2026-06-25T16:22:32.584939",
        "updated_at": "2026-07-23T23:34:32.584939"
      }
    },
    {
      "id": 589569464950623522,
      "type": "Feature",
      "geometry": {
        "type": "Point",
        "coordinates": [
          99.390138,
          43.013223
        ]
      },
      "properties": {
        "feature_id": "FEAT-260831-000078-GV",
        "feature_name": "east-zone",
        "address": "广州市天河区天河路385号",
        "geom_type": "Point",
        "center_point": [
          99.390138,
          43.013223
        ],
        "created_at": "2026-02-08T03:21:59.808183",
        "updated_at": "2026-02-17T14:10:59.808183"
      }
    },
    {
      "id": 863992002379887759,
      "type": "Feature",
      "geometry": {
        "type": "Point",
        "coordinates": [
          85.835229,
          28.681485
        ]
      },
      "properties": {
        "feature_id": "GIS-260831-000079-XF",
        "feature_name": "airport-east-terminal",
        "address": "北京市东城区长安街1号",
        "geom_type": "Point",
        "center_point": [
          85.835229,
          28.681485
        ],
        "created_at": "2026-02-08T05:23:27.176916",
        "updated_at": "2026-02-13T11:34:27.176916"
      }
    },
    {
      "id": 7239403199524914053,
      "type": "Feature",
      "geometry": {
        "type": "Point",
        "coordinates": [
          96.478993,
          6.029752
        ]
      },
      "properties": {
        "feature_id": "GEO-260831-000080-IG",
        "feature_name": "square-scenic",
        "address": "南京市玄武区中山路321号",
        "geom_type": "Point",
        "center_point": [
          96.478993,
          6.029752
        ],
        "created_at": "2026-07-27T21:21:23.911423",
        "updated_at": "2026-08-01T05:36:23.911423"
      }
    },
    {
      "id": 7774326968094331104,
      "type": "Feature",
      "geometry": {
        "type": "LineString",
        "coordinates": [
          [
            77.173682,
            15.393084
          ],
          [
            115.839487,
            37.174494
          ],
          [
            98.345508,
            26.897988
          ],
          [
            121.075582,
            39.499932
          ],
          [
            125.412304,
            32.132275
          ],
          [
            92.075075,
            45.448436
          ]
        ]
      },
      "properties": {
        "feature_id": "MAP-260831-000081-TC",
        "feature_name": "airport-south",
        "address": "杭州市西湖区文三路18号",
        "geom_type": "LineString",
        "center_point": [
          104.98694,
          32.757702
        ],
        "created_at": "2026-02-10T14:50:27.711489",
        "updated_at": "2026-02-19T08:47:27.711489"
      }
    },
    {
      "id": 7637571187240411050,
      "type": "Feature",
      "geometry": {
        "type": "Point",
        "coordinates": [
          103.518524,
          23.139014
        ]
      },
      "properties": {
        "feature_id": "GIS-260831-000082-IZ",
        "feature_name": "park-central-section",
        "address": "广州市天河区天河路385号",
        "geom_type": "Point",
        "center_point": [
          103.518524,
          23.139014
        ],
        "created_at": "2026-07-06T18:47:12.094502",
        "updated_at": "2026-07-28T18:08:12.094502"
      }
    },
    {
      "id": 7199750682700298467,
      "type": "Feature",
      "geometry": {
        "type": "LineString",
        "coordinates": [
          [
            133.176337,
            26.358917
          ],
          [
            113.744841,
            41.83215
          ],
          [
            100.789158,
            9.501633
          ],
          [
            88.587797,
            27.043985
          ],
          [
            92.907514,
            51.135986
          ],
          [
            73.360493,
            9.710354
          ],
          [
            111.056124,
            42.347764
          ]
        ]
      },
      "properties": {
        "feature_id": "LAND-260831-000083-EL",
        "feature_name": "east-gate",
        "address": "西安市雁塔区雁塔南路88号",
        "geom_type": "LineString",
        "center_point": [
          101.946038,
          29.704398
        ],
        "created_at": "2025-10-25T23:48:39.710839",
        "updated_at": "2025-11-25T21:36:39.710839"
      }
    },
    {
      "id": 8751565417285511637,
      "type": "Feature",
      "geometry": {
        "type": "Point",
        "coordinates": [
          81.443471,
          17.566
        ]
      },
      "properties": {
        "feature_id": "GIS-260831-000084-YA",
        "feature_name": "scenic-terminal",
        "address": "成都市武侯区天府大道北段1288号",
        "geom_type": "Point",
        "center_point": [
          81.443471,
          17.566
        ],
        "created_at": "2026-03-28T07:11:05.842048",
        "updated_at": "2026-04-17T10:17:05.842048"
      }
    },
    {
      "id": 1378541203652836681,
      "type": "Feature",
      "geometry": {
        "type": "Point",
        "coordinates": [
          78.683327,
          25.533937
        ]
      },
      "properties": {
        "feature_id": "MAP-260831-000085-CY",
        "feature_name": "station-branch",
        "address": "杭州市西湖区文三路18号",
        "geom_type": "Point",
        "center_point": [
          78.683327,
          25.533937
        ],
        "created_at": "2026-03-31T07:39:38.477994",
        "updated_at": "2026-04-11T07:33:38.477994"
      }
    },
    {
      "id": 7027787982608692028,
      "type": "Feature",
      "geometry": {
        "type": "Point",
        "coordinates": [
          75.989439,
          7.15583
        ]
      },
      "properties": {
        "feature_id": "GEO-260831-000086-UM",
        "feature_name": "east-terminal",
        "address": "重庆市渝中区解放碑步行街",
        "geom_type": "Point",
        "center_point": [
          75.989439,
          7.15583
        ],
        "created_at": "2026-05-19T06:05:51.923075",
        "updated_at": "2026-05-20T19:13:51.923075"
      }
    },
    {
      "id": 3861108022620227744,
      "type": "Feature",
      "geometry": {
        "type": "Point",
        "coordinates": [
          88.745327,
          47.325535
        ]
      },
      "properties": {
        "feature_id": "GIS-260831-000087-WQ",
        "feature_name": "station-north-zone",
        "address": "北京市东城区长安街1号",
        "geom_type": "Point",
        "center_point": [
          88.745327,
          47.325535
        ],
        "created_at": "2026-06-15T19:00:42.899700",
        "updated_at": "2026-06-22T09:30:42.899700"
      }
    },
    {
      "id": 7148714392219443805,
      "type": "Feature",
      "geometry": {
        "type": "Polygon",
        "coordinates": [
          [
            [
              95.113311,
              34.933272
            ],
            [
              130.636595,
              10.843693
            ],
            [
              126.135953,
              35.321036
            ],
            [
              105.529545,
              48.237913
            ],
            [
              128.940679,
              46.020005
            ],
            [
              95.113311,
              34.933272
            ]
          ]
        ]
      },
      "properties": {
        "feature_id": "MAP-260831-000088-QJ",
        "feature_name": "tunnel-branch",
        "address": "郑州市金水区金水路115号",
        "geom_type": "Polygon",
        "center_point": [
          117.271217,
          35.071184
        ],
        "created_at": "2025-11-23T06:07:19.117672",
        "updated_at": "2025-12-13T13:11:19.117672"
      }
    },
    {
      "id": 2776785837370020568,
      "type": "Feature",
      "geometry": {
        "type": "Point",
        "coordinates": [
          105.309281,
          46.422549
        ]
      },
      "properties": {
        "feature_id": "LAND-260831-000089-GW",
        "feature_name": "tunnel-east",
        "address": "郑州市金水区金水路115号",
        "geom_type": "Point",
        "center_point": [
          105.309281,
          46.422549
        ],
        "created_at": "2025-09-06T10:02:25.393056",
        "updated_at": "2025-09-13T00:15:25.393056"
      }
    },
    {
      "id": 7430398781491098478,
      "type": "Feature",
      "geometry": {
        "type": "Point",
        "coordinates": [
          134.485167,
          43.126758
        ]
      },
      "properties": {
        "feature_id": "FEAT-260831-000090-ML",
        "feature_name": "airport-south",
        "address": "成都市武侯区天府大道北段1288号",
        "geom_type": "Point",
        "center_point": [
          134.485167,
          43.126758
        ],
        "created_at": "2026-04-28T17:24:06.449106",
        "updated_at": "2026-05-13T07:40:06.449106"
      }
    },
    {
      "id": 5590492507692263392,
      "type": "Feature",
      "geometry": {
        "type": "Point",
        "coordinates": [
          132.295004,
          25.992673
        ]
      },
      "properties": {
        "feature_id": "GIS-260831-000091-SX",
        "feature_name": "old-area",
        "address": "青岛市市南区香港中路78号",
        "geom_type": "Point",
        "center_point": [
          132.295004,
          25.992673
        ],
        "created_at": "2026-06-30T16:29:48.039137",
        "updated_at": "2026-07-06T03:00:48.039137"
      }
    },
    {
      "id": 2120864820707335221,
      "type": "Feature",
      "geometry": {
        "type": "LineString",
        "coordinates": [
          [
            105.132753,
            39.208349
          ],
          [
            83.826774,
            35.986815
          ],
          [
            83.37552,
            51.854177
          ],
          [
            81.492989,
            42.948327
          ],
          [
            124.240408,
            49.287982
          ],
          [
            131.536541,
            6.707013
          ]
        ]
      },
      "properties": {
        "feature_id": "LAND-260831-000092-DB",
        "feature_name": "water-elevated-section",
        "address": "长沙市岳麓区岳麓大道233号",
        "geom_type": "LineString",
        "center_point": [
          101.600831,
          37.665444
        ],
        "created_at": "2026-05-24T15:05:49.621805",
        "updated_at": "2026-06-13T06:10:49.621805"
      }
    },
    {
      "id": 1349195701645701170,
      "type": "Feature",
      "geometry": {
        "type": "Point",
        "coordinates": [
          81.841377,
          15.929171
        ]
      },
      "properties": {
        "feature_id": "GIS-260831-000093-ES",
        "feature_name": "tunnel-underground-terminal",
        "address": "北京市东城区长安街1号",
        "geom_type": "Point",
        "center_point": [
          81.841377,
          15.929171
        ],
        "created_at": "2026-03-28T19:13:36.964291",
        "updated_at": "2026-03-29T20:20:36.964291"
      }
    },
    {
      "id": 1139553825191260998,
      "type": "Feature",
      "geometry": {
        "type": "LineString",
        "coordinates": [
          [
            107.073372,
            25.497451
          ],
          [
            78.206521,
            42.075959
          ],
          [
            106.703173,
            11.553095
          ],
          [
            90.539896,
            13.210342
          ],
          [
            76.178281,
            53.83274
          ],
          [
            115.819124,
            52.861385
          ],
          [
            100.146564,
            53.460344
          ],
          [
            82.173348,
            16.599327
          ]
        ]
      },
      "properties": {
        "feature_id": "FEAT-260831-000094-EM",
        "feature_name": "west-section",
        "address": "广州市天河区天河路385号",
        "geom_type": "LineString",
        "center_point": [
          94.605035,
          33.63633
        ],
        "created_at": "2026-03-02T08:06:35.955648",
        "updated_at": "2026-03-02T12:09:35.955648"
      }
    },
    {
      "id": 7660592366791041456,
      "type": "Feature",
      "geometry": {
        "type": "LineString",
        "coordinates": [
          [
            88.416418,
            5.075031
          ],
          [
            86.974707,
            25.477682
          ],
          [
            78.83984,
            45.763279
          ],
          [
            119.486574,
            45.201612
          ],
          [
            101.263629,
            7.419513
          ]
        ]
      },
      "properties": {
        "feature_id": "GEO-260831-000095-QN",
        "feature_name": "elevated-segment",
        "address": "西安市雁塔区雁塔南路88号",
        "geom_type": "LineString",
        "center_point": [
          94.996234,
          25.787423
        ],
        "created_at": "2026-08-14T12:25:15.511550",
        "updated_at": "2026-09-01T04:00:15.511550"
      }
    },
    {
      "id": 735922842717442371,
      "type": "Feature",
      "geometry": {
        "type": "Point",
        "coordinates": [
          88.635161,
          18.718789
        ]
      },
      "properties": {
        "feature_id": "GIS-260831-000096-DJ",
        "feature_name": "new-terminal",
        "address": "杭州市西湖区文三路18号",
        "geom_type": "Point",
        "center_point": [
          88.635161,
          18.718789
        ],
        "created_at": "2026-04-22T19:14:08.378541",
        "updated_at": "2026-05-13T14:21:08.378541"
      }
    },
    {
      "id": 2282438598521657591,
      "type": "Feature",
      "geometry": {
        "type": "Point",
        "coordinates": [
          74.300847,
          49.494214
        ]
      },
      "properties": {
        "feature_id": "LAND-260831-000097-SB",
        "feature_name": "dam-old-gate",
        "address": "广州市天河区天河路385号",
        "geom_type": "Point",
        "center_point": [
          74.300847,
          49.494214
        ],
        "created_at": "2026-06-17T09:07:40.508153",
        "updated_at": "2026-06-27T16:08:40.508153"
      }
    },
    {
      "id": 7098775480955991524,
      "type": "Feature",
      "geometry": {
        "type": "Point",
        "coordinates": [
          100.832165,
          53.292064
        ]
      },
      "properties": {
        "feature_id": "MAP-260831-000098-SE",
        "feature_name": "road-main-section",
        "address": "广州市天河区天河路385号",
        "geom_type": "Point",
        "center_point": [
          100.832165,
          53.292064
        ],
        "created_at": "2026-01-11T07:42:16.726489",
        "updated_at": "2026-01-22T19:34:16.726489"
      }
    },
    {
      "id": 4776381629645077388,
      "type": "Feature",
      "geometry": {
        "type": "Point",
        "coordinates": [
          79.313873,
          33.22157
        ]
      },
      "properties": {
        "feature_id": "FEAT-260831-000099-WG",
        "feature_name": "tunnel-new",
        "address": "北京市东城区长安街1号",
        "geom_type": "Point",
        "center_point": [
          79.313873,
          33.22157
        ],
        "created_at": "2025-09-18T08:01:37.420645",
        "updated_at": "2025-09-23T10:15:37.420645"
      }
    },
    {
      "id": 2852022337037080656,
      "type": "Feature",
      "geometry": {
        "type": "Polygon",
        "coordinates": [
          [
            [
              88.282028,
              5.077449
            ],
            [
              92.863609,
              21.202187
            ],
            [
              81.972837,
              33.709222
            ],
            [
              107.374309,
              28.761928
            ],
            [
              116.940425,
              28.059203
            ],
            [
              133.379298,
              38.779775
            ],
            [
              131.905639,
              20.174737
            ],
            [
              88.282028,
              5.077449
            ]
          ]
        ]
      },
      "properties": {
        "feature_id": "GEO-260831-000100-VC",
        "feature_name": "bridge-elevated",
        "address": "重庆市渝中区解放碑步行街",
        "geom_type": "Polygon",
        "center_point": [
          107.531164,
          25.109214
        ],
        "created_at": "2026-05-31T02:53:53.891265",
        "updated_at": "2026-06-07T04:13:53.891265"
      }
    },
    {
      "id": 4587717627802021986,
      "type": "Feature",
      "geometry": {
        "type": "Point",
        "coordinates": [
          84.050951,
          6.711288
        ]
      },
      "properties": {
        "feature_id": "GIS-260831-000101-QG",
        "feature_name": "tower-south",
        "address": "广州市天河区天河路385号",
        "geom_type": "Point",
        "center_point": [
          84.050951,
          6.711288
        ],
        "created_at": "2025-09-02T04:20:30.829911",
        "updated_at": "2025-09-28T03:57:30.829911"
      }
    },
    {
      "id": 4734576527984504205,
      "type": "Feature",
      "geometry": {
        "type": "Point",
        "coordinates": [
          86.18569,
          44.299978
        ]
      },
      "properties": {
        "feature_id": "LAND-260831-000102-NR",
        "feature_name": "harbor-central-segment",
        "address": "上海市浦东新区世纪大道100号",
        "geom_type": "Point",
        "center_point": [
          86.18569,
          44.299978
        ],
        "created_at": "2025-11-25T11:09:44.717692",
        "updated_at": "2025-12-11T08:35:44.717692"
      }
    },
    {
      "id": 4142957629296535721,
      "type": "Feature",
      "geometry": {
        "type": "Point",
        "coordinates": [
          78.559246,
          16.500577
        ]
      },
      "properties": {
        "feature_id": "LAND-260831-000103-DI",
        "feature_name": "station-underground",
        "address": "厦门市思明区湖滨南路99号",
        "geom_type": "Point",
        "center_point": [
          78.559246,
          16.500577
        ],
        "created_at": "2025-11-27T01:57:48.227701",
        "updated_at": "2025-12-27T15:11:48.227701"
      }
    },
    {
      "id": 7632221687172081594,
      "type": "Feature",
      "geometry": {
        "type": "LineString",
        "coordinates": [
          [
            115.490467,
            20.451981
          ],
          [
            90.227519,
            9.046345
          ],
          [
            92.779402,
            26.75148
          ],
          [
            111.467735,
            40.890158
          ],
          [
            82.922579,
            31.271615
          ]
        ]
      },
      "properties": {
        "feature_id": "LAND-260831-000104-GU",
        "feature_name": "station-old",
        "address": "武汉市江汉区解放大道1234号",
        "geom_type": "LineString",
        "center_point": [
          98.57754,
          25.682316
        ],
        "created_at": "2025-09-08T19:45:15.912715",
        "updated_at": "2025-09-11T11:34:15.912715"
      }
    },
    {
      "id": 7605919479872979365,
      "type": "Feature",
      "geometry": {
        "type": "LineString",
        "coordinates": [
          [
            95.935257,
            19.351858
          ],
          [
            132.859276,
            48.848229
          ],
          [
            94.797807,
            10.88481
          ],
          [
            86.740249,
            19.768117
          ],
          [
            92.678115,
            3.420663
          ],
          [
            117.69136,
            24.882059
          ]
        ]
      },
      "properties": {
        "feature_id": "LAND-260831-000105-RH",
        "feature_name": "underground-terminal",
        "address": "广州市天河区天河路385号",
        "geom_type": "LineString",
        "center_point": [
          103.450344,
          21.192623
        ],
        "created_at": "2026-06-04T18:31:21.162837",
        "updated_at": "2026-06-26T06:07:21.162837"
      }
    },
    {
      "id": 6897572019626078207,
      "type": "Feature",
      "geometry": {
        "type": "LineString",
        "coordinates": [
          [
            126.467646,
            3.386654
          ],
          [
            108.822414,
            26.439437
          ],
          [
            94.897617,
            52.191995
          ],
          [
            87.60427,
            27.640851
          ],
          [
            99.092159,
            24.350211
          ],
          [
            103.53316,
            37.050353
          ]
        ]
      },
      "properties": {
        "feature_id": "MAP-260831-000106-IY",
        "feature_name": "water-scenic-zone",
        "address": "重庆市渝中区解放碑步行街",
        "geom_type": "LineString",
        "center_point": [
          103.402878,
          28.509917
        ],
        "created_at": "2026-06-21T15:40:05.805025",
        "updated_at": "2026-07-22T08:24:05.805025"
      }
    },
    {
      "id": 387368049628269251,
      "type": "Feature",
      "geometry": {
        "type": "Point",
        "coordinates": [
          131.914949,
          28.734472
        ]
      },
      "properties": {
        "feature_id": "MAP-260831-000107-UD",
        "feature_name": "water-old",
        "address": "成都市武侯区天府大道北段1288号",
        "geom_type": "Point",
        "center_point": [
          131.914949,
          28.734472
        ],
        "created_at": "2025-09-17T08:06:30.377137",
        "updated_at": "2025-09-18T22:00:30.377137"
      }
    },
    {
      "id": 4569257245039235140,
      "type": "Feature",
      "geometry": {
        "type": "LineString",
        "coordinates": [
          [
            83.064432,
            33.120145
          ],
          [
            111.137618,
            4.600651
          ],
          [
            115.884124,
            4.409186
          ],
          [
            127.061135,
            4.288897
          ],
          [
            86.538251,
            32.01918
          ],
          [
            75.817097,
            44.233754
          ],
          [
            116.340127,
            49.765787
          ],
          [
            96.877597,
            6.132476
          ]
        ]
      },
      "properties": {
        "feature_id": "FEAT-260831-000108-NI",
        "feature_name": "square-north",
        "address": "长沙市岳麓区岳麓大道233号",
        "geom_type": "LineString",
        "center_point": [
          101.590048,
          22.321259
        ],
        "created_at": "2026-03-17T05:52:59.970179",
        "updated_at": "2026-04-13T08:38:59.970179"
      }
    },
    {
      "id": 3888927582858028032,
      "type": "Feature",
      "geometry": {
        "type": "LineString",
        "coordinates": [
          [
            105.162127,
            11.568038
          ],
          [
            94.803807,
            17.391037
          ],
          [
            125.868304,
            45.602803
          ],
          [
            79.988289,
            26.41694
          ]
        ]
      },
      "properties": {
        "feature_id": "MAP-260831-000109-JP",
        "feature_name": "building-main-section",
        "address": "郑州市金水区金水路115号",
        "geom_type": "LineString",
        "center_point": [
          101.455632,
          25.244705
        ],
        "created_at": "2026-05-12T00:18:16.106015",
        "updated_at": "2026-05-14T20:29:16.106015"
      }
    },
    {
      "id": 5955983587345374017,
      "type": "Feature",
      "geometry": {
        "type": "Point",
        "coordinates": [
          101.142058,
          46.902875
        ]
      },
      "properties": {
        "feature_id": "FEAT-260831-000110-GN",
        "feature_name": "tunnel-old",
        "address": "北京市东城区长安街1号",
        "geom_type": "Point",
        "center_point": [
          101.142058,
          46.902875
        ],
        "created_at": "2025-09-24T03:54:53.249193",
        "updated_at": "2025-09-27T02:54:53.249193"
      }
    },
    {
      "id": 2388512851466003142,
      "type": "Feature",
      "geometry": {
        "type": "LineString",
        "coordinates": [
          [
            73.605841,
            19.874039
          ],
          [
            77.377439,
            40.381043
          ],
          [
            105.387684,
            20.888113
          ],
          [
            89.739929,
            24.496156
          ],
          [
            109.512371,
            33.014986
          ]
        ]
      },
      "properties": {
        "feature_id": "GEO-260831-000111-MC",
        "feature_name": "road-new-zone",
        "address": "西安市雁塔区雁塔南路88号",
        "geom_type": "LineString",
        "center_point": [
          91.124653,
          27.730867
        ],
        "created_at": "2026-03-24T11:58:45.243676",
        "updated_at": "2026-04-24T10:17:45.243676"
      }
    },
    {
      "id": 8552630741763347194,
      "type": "Feature",
      "geometry": {
        "type": "Point",
        "coordinates": [
          123.914041,
          33.892036
        ]
      },
      "properties": {
        "feature_id": "MAP-260831-000112-VX",
        "feature_name": "airport-north-segment",
        "address": "郑州市金水区金水路115号",
        "geom_type": "Point",
        "center_point": [
          123.914041,
          33.892036
        ],
        "created_at": "2025-11-07T16:29:54.574746",
        "updated_at": "2025-11-28T01:05:54.574746"
      }
    },
    {
      "id": 5167783287407757315,
      "type": "Feature",
      "geometry": {
        "type": "Point",
        "coordinates": [
          122.750676,
          45.034275
        ]
      },
      "properties": {
        "feature_id": "MAP-260831-000113-AY",
        "feature_name": "new-gate",
        "address": "厦门市思明区湖滨南路99号",
        "geom_type": "Point",
        "center_point": [
          122.750676,
          45.034275
        ],
        "created_at": "2026-08-02T12:26:54.726601",
        "updated_at": "2026-08-30T15:18:54.726601"
      }
    },
    {
      "id": 8615443759647593696,
      "type": "Feature",
      "geometry": {
        "type": "Point",
        "coordinates": [
          107.339977,
          13.702861
        ]
      },
      "properties": {
        "feature_id": "GEO-260831-000114-FE",
        "feature_name": "branch-zone",
        "address": "厦门市思明区湖滨南路99号",
        "geom_type": "Point",
        "center_point": [
          107.339977,
          13.702861
        ],
        "created_at": "2026-07-08T23:18:37.461549",
        "updated_at": "2026-07-30T18:42:37.461549"
      }
    },
    {
      "id": 1706542798458775521,
      "type": "Feature",
      "geometry": {
        "type": "LineString",
        "coordinates": [
          [
            133.037656,
            27.556488
          ],
          [
            82.083771,
            4.560574
          ],
          [
            83.875688,
            44.545425
          ],
          [
            133.509256,
            26.318762
          ],
          [
            121.760026,
            32.131831
          ],
          [
            112.222905,
            26.125516
          ]
        ]
      },
      "properties": {
        "feature_id": "LAND-260831-000115-YC",
        "feature_name": "tower-branch-segment",
        "address": "西安市雁塔区雁塔南路88号",
        "geom_type": "LineString",
        "center_point": [
          111.08155,
          26.873099
        ],
        "created_at": "2026-06-12T12:56:06.474556",
        "updated_at": "2026-07-05T13:43:06.474556"
      }
    },
    {
      "id": 91680483764423208,
      "type": "Feature",
      "geometry": {
        "type": "LineString",
        "coordinates": [
          [
            99.559166,
            10.850611
          ],
          [
            83.584658,
            48.178405
          ],
          [
            116.811266,
            27.326036
          ],
          [
            84.477372,
            53.670339
          ],
          [
            130.965999,
            15.833857
          ]
        ]
      },
      "properties": {
        "feature_id": "MAP-260831-000116-TK",
        "feature_name": "dam-branch",
        "address": "郑州市金水区金水路115号",
        "geom_type": "LineString",
        "center_point": [
          103.079692,
          31.17185
        ],
        "created_at": "2025-12-07T18:14:19.096551",
        "updated_at": "2026-01-02T20:44:19.096551"
      }
    },
    {
      "id": 5701673133224424044,
      "type": "Feature",
      "geometry": {
        "type": "Point",
        "coordinates": [
          93.597112,
          15.270531
        ]
      },
      "properties": {
        "feature_id": "LAND-260831-000117-OK",
        "feature_name": "new-zone",
        "address": "青岛市市南区香港中路78号",
        "geom_type": "Point",
        "center_point": [
          93.597112,
          15.270531
        ],
        "created_at": "2026-01-08T08:24:20.809846",
        "updated_at": "2026-01-28T19:19:20.809846"
      }
    },
    {
      "id": 8186485167248772536,
      "type": "Feature",
      "geometry": {
        "type": "LineString",
        "coordinates": [
          [
            87.626729,
            34.318011
          ],
          [
            101.266435,
            6.974725
          ],
          [
            80.280218,
            52.137868
          ],
          [
            90.752645,
            28.529999
          ]
        ]
      },
      "properties": {
        "feature_id": "MAP-260831-000118-QE",
        "feature_name": "harbor-central",
        "address": "重庆市渝中区解放碑步行街",
        "geom_type": "LineString",
        "center_point": [
          89.981507,
          30.490151
        ],
        "created_at": "2025-09-24T19:49:57.757008",
        "updated_at": "2025-09-30T14:05:57.757008"
      }
    },
    {
      "id": 7164975055735108208,
      "type": "Feature",
      "geometry": {
        "type": "Point",
        "coordinates": [
          96.314184,
          12.252801
        ]
      },
      "properties": {
        "feature_id": "FEAT-260831-000119-XY",
        "feature_name": "dam-east",
        "address": "广州市天河区天河路385号",
        "geom_type": "Point",
        "center_point": [
          96.314184,
          12.252801
        ],
        "created_at": "2026-08-22T14:00:01.249756",
        "updated_at": "2026-09-02T04:03:01.249756"
      }
    },
    {
      "id": 5830503399978276828,
      "type": "Feature",
      "geometry": {
        "type": "Point",
        "coordinates": [
          82.733738,
          10.622548
        ]
      },
      "properties": {
        "feature_id": "GIS-260831-000120-DL",
        "feature_name": "scenic-terminal",
        "address": "厦门市思明区湖滨南路99号",
        "geom_type": "Point",
        "center_point": [
          82.733738,
          10.622548
        ],
        "created_at": "2026-02-21T14:10:08.271631",
        "updated_at": "2026-03-09T04:13:08.271631"
      }
    },
    {
      "id": 759550096456988725,
      "type": "Feature",
      "geometry": {
        "type": "LineString",
        "coordinates": [
          [
            121.459218,
            50.066481
          ],
          [
            134.884049,
            6.283813
          ],
          [
            78.316362,
            49.940374
          ],
          [
            121.33514,
            31.089397
          ],
          [
            127.762142,
            47.707583
          ]
        ]
      },
      "properties": {
        "feature_id": "GEO-260831-000121-GZ",
        "feature_name": "tunnel-main",
        "address": "上海市浦东新区世纪大道100号",
        "geom_type": "LineString",
        "center_point": [
          116.751382,
          37.01753
        ],
        "created_at": "2026-08-25T08:07:45.257828",
        "updated_at": "2026-08-29T19:05:45.257828"
      }
    },
    {
      "id": 162916021526403304,
      "type": "Feature",
      "geometry": {
        "type": "Point",
        "coordinates": [
          98.437346,
          31.465982
        ]
      },
      "properties": {
        "feature_id": "MAP-260831-000122-XU",
        "feature_name": "water-north",
        "address": "大连市中山区人民路60号",
        "geom_type": "Point",
        "center_point": [
          98.437346,
          31.465982
        ],
        "created_at": "2026-04-15T17:29:12.811121",
        "updated_at": "2026-05-02T06:25:12.811121"
      }
    },
    {
      "id": 2403148933857557563,
      "type": "Feature",
      "geometry": {
        "type": "Point",
        "coordinates": [
          115.323047,
          49.678012
        ]
      },
      "properties": {
        "feature_id": "GIS-260831-000123-IL",
        "feature_name": "station-underground",
        "address": "南京市玄武区中山路321号",
        "geom_type": "Point",
        "center_point": [
          115.323047,
          49.678012
        ],
        "created_at": "2026-04-30T08:02:13.374091",
        "updated_at": "2026-05-09T20:12:13.374091"
      }
    },
    {
      "id": 441531516759984544,
      "type": "Feature",
      "geometry": {
        "type": "Point",
        "coordinates": [
          92.411055,
          10.763168
        ]
      },
      "properties": {
        "feature_id": "LAND-260831-000124-GV",
        "feature_name": "water-elevated-area",
        "address": "郑州市金水区金水路115号",
        "geom_type": "Point",
        "center_point": [
          92.411055,
          10.763168
        ],
        "created_at": "2025-12-03T17:22:43.431358",
        "updated_at": "2025-12-08T09:59:43.431358"
      }
    },
    {
      "id": 3266234649869238896,
      "type": "Feature",
      "geometry": {
        "type": "Point",
        "coordinates": [
          80.831184,
          4.771232
        ]
      },
      "properties": {
        "feature_id": "MAP-260831-000125-YZ",
        "feature_name": "harbor-main",
        "address": "长沙市岳麓区岳麓大道233号",
        "geom_type": "Point",
        "center_point": [
          80.831184,
          4.771232
        ],
        "created_at": "2026-06-27T21:59:44.332319",
        "updated_at": "2026-06-30T17:13:44.332319"
      }
    },
    {
      "id": 9166812439624929019,
      "type": "Feature",
      "geometry": {
        "type": "LineString",
        "coordinates": [
          [
            127.347726,
            25.495675
          ],
          [
            96.636488,
            47.177274
          ],
          [
            131.629968,
            34.734348
          ],
          [
            73.92583,
            42.479865
          ],
          [
            119.491014,
            46.212076
          ]
        ]
      },
      "properties": {
        "feature_id": "GEO-260831-000126-XN",
        "feature_name": "east-section",
        "address": "西安市雁塔区雁塔南路88号",
        "geom_type": "LineString",
        "center_point": [
          109.806205,
          39.219848
        ],
        "created_at": "2026-03-15T04:49:15.842116",
        "updated_at": "2026-04-06T05:10:15.842116"
      }
    },
    {
      "id": 275576753030756262,
      "type": "Feature",
      "geometry": {
        "type": "Point",
        "coordinates": [
          126.663521,
          8.398668
        ]
      },
      "properties": {
        "feature_id": "FEAT-260831-000127-EE",
        "feature_name": "square-west-section",
        "address": "武汉市江汉区解放大道1234号",
        "geom_type": "Point",
        "center_point": [
          126.663521,
          8.398668
        ],
        "created_at": "2026-03-25T18:28:48.080049",
        "updated_at": "2026-04-14T02:08:48.080049"
      }
    },
    {
      "id": 6489742151694714887,
      "type": "Feature",
      "geometry": {
        "type": "Point",
        "coordinates": [
          112.806684,
          9.547866
        ]
      },
      "properties": {
        "feature_id": "GIS-260831-000128-DS",
        "feature_name": "main-zone",
        "address": "深圳市南山区科技园南区科苑路15号",
        "geom_type": "Point",
        "center_point": [
          112.806684,
          9.547866
        ],
        "created_at": "2026-03-13T20:26:06.456819",
        "updated_at": "2026-04-10T02:39:06.456819"
      }
    },
    {
      "id": 2481048985688581038,
      "type": "Feature",
      "geometry": {
        "type": "Point",
        "coordinates": [
          105.405855,
          41.959052
        ]
      },
      "properties": {
        "feature_id": "MAP-260831-000129-MM",
        "feature_name": "tunnel-new",
        "address": "南京市玄武区中山路321号",
        "geom_type": "Point",
        "center_point": [
          105.405855,
          41.959052
        ],
        "created_at": "2025-11-09T18:24:48.711334",
        "updated_at": "2025-12-08T03:02:48.711334"
      }
    },
    {
      "id": 619731042386711644,
      "type": "Feature",
      "geometry": {
        "type": "Point",
        "coordinates": [
          129.063743,
          13.020709
        ]
      },
      "properties": {
        "feature_id": "LAND-260831-000130-PX",
        "feature_name": "east-section",
        "address": "重庆市渝中区解放碑步行街",
        "geom_type": "Point",
        "center_point": [
          129.063743,
          13.020709
        ],
        "created_at": "2026-08-25T02:51:38.946769",
        "updated_at": "2026-09-10T04:26:38.946769"
      }
    },
    {
      "id": 344487900213092272,
      "type": "Feature",
      "geometry": {
        "type": "Point",
        "coordinates": [
          93.783098,
          25.484203
        ]
      },
      "properties": {
        "feature_id": "MAP-260831-000131-TN",
        "feature_name": "station-elevated",
        "address": "北京市东城区长安街1号",
        "geom_type": "Point",
        "center_point": [
          93.783098,
          25.484203
        ],
        "created_at": "2026-02-03T19:28:08.590505",
        "updated_at": "2026-02-21T10:41:08.590505"
      }
    },
    {
      "id": 8560218274423409851,
      "type": "Feature",
      "geometry": {
        "type": "LineString",
        "coordinates": [
          [
            106.693409,
            7.274121
          ],
          [
            86.799954,
            36.423731
          ],
          [
            88.417134,
            7.861123
          ],
          [
            120.504268,
            49.034764
          ],
          [
            82.371824,
            44.962789
          ],
          [
            77.769791,
            8.958224
          ]
        ]
      },
      "properties": {
        "feature_id": "MAP-260831-000132-LS",
        "feature_name": "branch-segment",
        "address": "西安市雁塔区雁塔南路88号",
        "geom_type": "LineString",
        "center_point": [
          93.759397,
          25.752459
        ],
        "created_at": "2026-01-11T02:02:28.856824",
        "updated_at": "2026-01-31T23:40:28.856824"
      }
    },
    {
      "id": 5876640476778341414,
      "type": "Feature",
      "geometry": {
        "type": "LineString",
        "coordinates": [
          [
            110.983533,
            5.816204
          ],
          [
            81.935264,
            29.688997
          ],
          [
            129.532806,
            16.429665
          ],
          [
            81.742139,
            33.820819
          ]
        ]
      },
      "properties": {
        "feature_id": "MAP-260831-000133-FG",
        "feature_name": "dam-branch-section",
        "address": "杭州市西湖区文三路18号",
        "geom_type": "LineString",
        "center_point": [
          101.048435,
          21.438921
        ],
        "created_at": "2025-09-17T07:13:07.024663",
        "updated_at": "2025-10-05T16:20:07.024663"
      }
    },
    {
      "id": 5617202911374974549,
      "type": "Feature",
      "geometry": {
        "type": "LineString",
        "coordinates": [
          [
            100.7076,
            37.834962
          ],
          [
            110.078661,
            20.172841
          ],
          [
            110.699433,
            34.049218
          ]
        ]
      },
      "properties": {
        "feature_id": "FEAT-260831-000134-NH",
        "feature_name": "old-terminal",
        "address": "杭州市西湖区文三路18号",
        "geom_type": "LineString",
        "center_point": [
          107.161898,
          30.685674
        ],
        "created_at": "2025-09-15T02:09:26.881352",
        "updated_at": "2025-09-27T03:47:26.881352"
      }
    },
    {
      "id": 5965546635916645782,
      "type": "Feature",
      "geometry": {
        "type": "LineString",
        "coordinates": [
          [
            93.380244,
            32.39085
          ],
          [
            87.705883,
            51.900885
          ],
          [
            90.549672,
            30.171174
          ],
          [
            82.003427,
            12.248661
          ],
          [
            122.469549,
            41.064916
          ]
        ]
      },
      "properties": {
        "feature_id": "FEAT-260831-000135-XD",
        "feature_name": "water-new-gate",
        "address": "深圳市南山区科技园南区科苑路15号",
        "geom_type": "LineString",
        "center_point": [
          95.221755,
          33.555297
        ],
        "created_at": "2026-04-15T02:19:45.535184",
        "updated_at": "2026-04-28T07:45:45.535184"
      }
    },
    {
      "id": 8713008326930576461,
      "type": "Feature",
      "geometry": {
        "type": "LineString",
        "coordinates": [
          [
            90.730187,
            42.383899
          ],
          [
            131.092462,
            24.252654
          ],
          [
            90.731904,
            26.742647
          ],
          [
            117.944114,
            14.990473
          ],
          [
            111.542708,
            43.51634
          ]
        ]
      },
      "properties": {
        "feature_id": "FEAT-260831-000136-RK",
        "feature_name": "airport-new-segment",
        "address": "杭州市西湖区文三路18号",
        "geom_type": "LineString",
        "center_point": [
          108.408275,
          30.377203
        ],
        "created_at": "2026-05-24T08:22:56.339033",
        "updated_at": "2026-06-13T03:20:56.339033"
      }
    },
    {
      "id": 8173861526466468054,
      "type": "Feature",
      "geometry": {
        "type": "Point",
        "coordinates": [
          118.661403,
          28.020393
        ]
      },
      "properties": {
        "feature_id": "FEAT-260831-000137-MR",
        "feature_name": "station-north-section",
        "address": "重庆市渝中区解放碑步行街",
        "geom_type": "Point",
        "center_point": [
          118.661403,
          28.020393
        ],
        "created_at": "2025-09-14T07:11:57.940373",
        "updated_at": "2025-09-28T09:36:57.940373"
      }
    },
    {
      "id": 3054132402340361042,
      "type": "Feature",
      "geometry": {
        "type": "Point",
        "coordinates": [
          97.739713,
          34.23361
        ]
      },
      "properties": {
        "feature_id": "GIS-260831-000138-OT",
        "feature_name": "tunnel-scenic-zone",
        "address": "北京市东城区长安街1号",
        "geom_type": "Point",
        "center_point": [
          97.739713,
          34.23361
        ],
        "created_at": "2026-08-29T22:49:45.782863",
        "updated_at": "2026-09-22T10:10:45.782863"
      }
    },
    {
      "id": 2985895883597987818,
      "type": "Feature",
      "geometry": {
        "type": "Point",
        "coordinates": [
          84.946933,
          15.444002
        ]
      },
      "properties": {
        "feature_id": "FEAT-260831-000139-AO",
        "feature_name": "park-new-terminal",
        "address": "上海市浦东新区世纪大道100号",
        "geom_type": "Point",
        "center_point": [
          84.946933,
          15.444002
        ],
        "created_at": "2026-08-09T14:11:20.626784",
        "updated_at": "2026-08-20T16:42:20.626784"
      }
    },
    {
      "id": 8572526422355147895,
      "type": "Feature",
      "geometry": {
        "type": "Point",
        "coordinates": [
          110.250997,
          30.564271
        ]
      },
      "properties": {
        "feature_id": "GEO-260831-000140-FO",
        "feature_name": "tower-north",
        "address": "南京市玄武区中山路321号",
        "geom_type": "Point",
        "center_point": [
          110.250997,
          30.564271
        ],
        "created_at": "2026-05-23T23:31:13.270878",
        "updated_at": "2026-06-17T17:09:13.270878"
      }
    },
    {
      "id": 8655519385099413814,
      "type": "Feature",
      "geometry": {
        "type": "Point",
        "coordinates": [
          93.06333,
          12.585767
        ]
      },
      "properties": {
        "feature_id": "GEO-260831-000141-IP",
        "feature_name": "tower-east",
        "address": "成都市武侯区天府大道北段1288号",
        "geom_type": "Point",
        "center_point": [
          93.06333,
          12.585767
        ],
        "created_at": "2026-03-01T20:33:03.439637",
        "updated_at": "2026-03-13T04:32:03.439637"
      }
    },
    {
      "id": 1557641718640745809,
      "type": "Feature",
      "geometry": {
        "type": "Point",
        "coordinates": [
          113.862185,
          53.826797
        ]
      },
      "properties": {
        "feature_id": "MAP-260831-000142-TT",
        "feature_name": "underground-area",
        "address": "西安市雁塔区雁塔南路88号",
        "geom_type": "Point",
        "center_point": [
          113.862185,
          53.826797
        ],
        "created_at": "2026-08-24T17:21:07.256090",
        "updated_at": "2026-08-28T18:40:07.256090"
      }
    },
    {
      "id": 2981599318951980741,
      "type": "Feature",
      "geometry": {
        "type": "Point",
        "coordinates": [
          77.792292,
          11.989874
        ]
      },
      "properties": {
        "feature_id": "MAP-260831-000143-OT",
        "feature_name": "water-east",
        "address": "武汉市江汉区解放大道1234号",
        "geom_type": "Point",
        "center_point": [
          77.792292,
          11.989874
        ],
        "created_at": "2025-12-18T01:05:34.177196",
        "updated_at": "2026-01-13T12:39:34.177196"
      }
    },
    {
      "id": 7651071974374681715,
      "type": "Feature",
      "geometry": {
        "type": "Point",
        "coordinates": [
          102.355942,
          19.356248
        ]
      },
      "properties": {
        "feature_id": "FEAT-260831-000144-YZ",
        "feature_name": "tower-scenic",
        "address": "长沙市岳麓区岳麓大道233号",
        "geom_type": "Point",
        "center_point": [
          102.355942,
          19.356248
        ],
        "created_at": "2026-05-16T13:05:26.705629",
        "updated_at": "2026-06-08T07:39:26.705629"
      }
    },
    {
      "id": 1650371080966700067,
      "type": "Feature",
      "geometry": {
        "type": "Point",
        "coordinates": [
          115.809488,
          44.707462
        ]
      },
      "properties": {
        "feature_id": "LAND-260831-000145-RL",
        "feature_name": "scenic-zone",
        "address": "西安市雁塔区雁塔南路88号",
        "geom_type": "Point",
        "center_point": [
          115.809488,
          44.707462
        ],
        "created_at": "2026-04-07T15:53:43.044249",
        "updated_at": "2026-05-04T07:31:43.044249"
      }
    },
    {
      "id": 4269360884884620293,
      "type": "Feature",
      "geometry": {
        "type": "Point",
        "coordinates": [
          121.944332,
          16.034582
        ]
      },
      "properties": {
        "feature_id": "GEO-260831-000146-FZ",
        "feature_name": "tower-scenic",
        "address": "西安市雁塔区雁塔南路88号",
        "geom_type": "Point",
        "center_point": [
          121.944332,
          16.034582
        ],
        "created_at": "2026-08-17T20:27:26.950739",
        "updated_at": "2026-09-06T01:33:26.950739"
      }
    },
    {
      "id": 2787606795964939164,
      "type": "Feature",
      "geometry": {
        "type": "Point",
        "coordinates": [
          119.733004,
          19.246965
        ]
      },
      "properties": {
        "feature_id": "FEAT-260831-000147-XH",
        "feature_name": "south-terminal",
        "address": "重庆市渝中区解放碑步行街",
        "geom_type": "Point",
        "center_point": [
          119.733004,
          19.246965
        ],
        "created_at": "2026-01-17T00:16:33.734689",
        "updated_at": "2026-02-10T07:05:33.734689"
      }
    },
    {
      "id": 6598287383426392014,
      "type": "Feature",
      "geometry": {
        "type": "Point",
        "coordinates": [
          121.351008,
          36.721222
        ]
      },
      "properties": {
        "feature_id": "GEO-260831-000148-QQ",
        "feature_name": "airport-branch-segment",
        "address": "南京市玄武区中山路321号",
        "geom_type": "Point",
        "center_point": [
          121.351008,
          36.721222
        ],
        "created_at": "2025-10-29T17:37:45.363101",
        "updated_at": "2025-11-08T12:39:45.363101"
      }
    },
    {
      "id": 2320282118331937768,
      "type": "Feature",
      "geometry": {
        "type": "Polygon",
        "coordinates": [
          [
            [
              134.973254,
              28.590532
            ],
            [
              116.768918,
              51.494435
            ],
            [
              126.719099,
              25.457336
            ],
            [
              128.275431,
              12.63489
            ],
            [
              75.010652,
              48.600411
            ],
            [
              134.973254,
              28.590532
            ]
          ]
        ]
      },
      "properties": {
        "feature_id": "FEAT-260831-000149-VH",
        "feature_name": "station-south-segment",
        "address": "重庆市渝中区解放碑步行街",
        "geom_type": "Polygon",
        "center_point": [
          116.349471,
          33.355521
        ],
        "created_at": "2025-10-18T17:18:40.753440",
        "updated_at": "2025-10-28T03:53:40.753440"
      }
    },
    {
      "id": 7652382529229471663,
      "type": "Feature",
      "geometry": {
        "type": "Point",
        "coordinates": [
          100.07531,
          40.613565
        ]
      },
      "properties": {
        "feature_id": "GEO-260831-000150-YD",
        "feature_name": "airport-branch",
        "address": "成都市武侯区天府大道北段1288号",
        "geom_type": "Point",
        "center_point": [
          100.07531,
          40.613565
        ],
        "created_at": "2025-12-13T19:35:44.857572",
        "updated_at": "2026-01-07T01:15:44.857572"
      }
    },
    {
      "id": 7775527273235389167,
      "type": "Feature",
      "geometry": {
        "type": "Point",
        "coordinates": [
          116.382352,
          43.804633
        ]
      },
      "properties": {
        "feature_id": "LAND-260831-000151-LB",
        "feature_name": "park-underground-terminal",
        "address": "郑州市金水区金水路115号",
        "geom_type": "Point",
        "center_point": [
          116.382352,
          43.804633
        ],
        "created_at": "2026-04-01T04:45:57.914181",
        "updated_at": "2026-04-09T20:08:57.914181"
      }
    },
    {
      "id": 3114978061942094472,
      "type": "Feature",
      "geometry": {
        "type": "Point",
        "coordinates": [
          113.8472,
          17.963252
        ]
      },
      "properties": {
        "feature_id": "GEO-260831-000152-AL",
        "feature_name": "old-zone",
        "address": "长沙市岳麓区岳麓大道233号",
        "geom_type": "Point",
        "center_point": [
          113.8472,
          17.963252
        ],
        "created_at": "2026-03-26T03:38:08.878698",
        "updated_at": "2026-03-29T03:52:08.878698"
      }
    },
    {
      "id": 8655887850564598797,
      "type": "Feature",
      "geometry": {
        "type": "Polygon",
        "coordinates": [
          [
            [
              79.542718,
              9.583829
            ],
            [
              85.929945,
              46.639029
            ],
            [
              80.877378,
              36.318395
            ],
            [
              130.041022,
              8.105753
            ],
            [
              79.542718,
              9.583829
            ]
          ]
        ]
      },
      "properties": {
        "feature_id": "LAND-260831-000153-KK",
        "feature_name": "main-terminal",
        "address": "西安市雁塔区雁塔南路88号",
        "geom_type": "Polygon",
        "center_point": [
          94.097766,
          25.161752
        ],
        "created_at": "2025-12-22T13:50:39.712945",
        "updated_at": "2026-01-12T13:13:39.712945"
      }
    },
    {
      "id": 3882794225025935254,
      "type": "Feature",
      "geometry": {
        "type": "LineString",
        "coordinates": [
          [
            132.475281,
            27.38343
          ],
          [
            125.786944,
            21.11745
          ],
          [
            84.414514,
            45.559958
          ],
          [
            131.149969,
            7.212427
          ],
          [
            84.202854,
            50.801321
          ],
          [
            114.56429,
            45.466158
          ],
          [
            121.722692,
            52.978548
          ],
          [
            75.32844,
            20.441936
          ]
        ]
      },
      "properties": {
        "feature_id": "FEAT-260831-000154-VU",
        "feature_name": "harbor-branch-gate",
        "address": "厦门市思明区湖滨南路99号",
        "geom_type": "LineString",
        "center_point": [
          108.705623,
          33.870154
        ],
        "created_at": "2025-10-04T20:31:01.853772",
        "updated_at": "2025-10-24T18:34:01.853772"
      }
    },
    {
      "id": 6797702764857762780,
      "type": "Feature",
      "geometry": {
        "type": "LineString",
        "coordinates": [
          [
            80.408863,
            17.109018
          ],
          [
            109.930846,
            5.884665
          ],
          [
            122.847959,
            14.724696
          ],
          [
            97.441032,
            27.356577
          ],
          [
            117.376993,
            11.742168
          ],
          [
            84.235677,
            11.583439
          ],
          [
            125.666293,
            36.759842
          ]
        ]
      },
      "properties": {
        "feature_id": "MAP-260831-000155-XY",
        "feature_name": "harbor-old",
        "address": "重庆市渝中区解放碑步行街",
        "geom_type": "LineString",
        "center_point": [
          105.41538,
          17.880058
        ],
        "created_at": "2026-04-09T02:18:41.509738",
        "updated_at": "2026-04-12T16:22:41.509738"
      }
    },
    {
      "id": 8472885805697973978,
      "type": "Feature",
      "geometry": {
        "type": "Point",
        "coordinates": [
          94.990204,
          44.216234
        ]
      },
      "properties": {
        "feature_id": "FEAT-260831-000156-AQ",
        "feature_name": "tunnel-branch-area",
        "address": "西安市雁塔区雁塔南路88号",
        "geom_type": "Point",
        "center_point": [
          94.990204,
          44.216234
        ],
        "created_at": "2026-08-17T13:31:20.317739",
        "updated_at": "2026-09-16T05:10:20.317739"
      }
    },
    {
      "id": 1974331247988714813,
      "type": "Feature",
      "geometry": {
        "type": "LineString",
        "coordinates": [
          [
            126.02855,
            52.061579
          ],
          [
            126.66974,
            3.72006
          ],
          [
            118.758749,
            24.218076
          ],
          [
            100.847887,
            33.311435
          ],
          [
            83.154681,
            51.207823
          ],
          [
            73.802259,
            13.232293
          ]
        ]
      },
      "properties": {
        "feature_id": "GEO-260831-000157-ZN",
        "feature_name": "building-branch",
        "address": "重庆市渝中区解放碑步行街",
        "geom_type": "LineString",
        "center_point": [
          104.876978,
          29.625211
        ],
        "created_at": "2026-08-26T22:14:46.313288",
        "updated_at": "2026-09-11T13:03:46.313288"
      }
    },
    {
      "id": 3554828987875326499,
      "type": "Feature",
      "geometry": {
        "type": "Point",
        "coordinates": [
          100.093396,
          3.165767
        ]
      },
      "properties": {
        "feature_id": "MAP-260831-000158-AU",
        "feature_name": "building-branch",
        "address": "南京市玄武区中山路321号",
        "geom_type": "Point",
        "center_point": [
          100.093396,
          3.165767
        ],
        "created_at": "2025-11-17T14:38:22.214099",
        "updated_at": "2025-12-10T20:10:22.214099"
      }
    },
    {
      "id": 8599018096265159411,
      "type": "Feature",
      "geometry": {
        "type": "Polygon",
        "coordinates": [
          [
            [
              106.588801,
              9.418626
            ],
            [
              132.649944,
              32.886178
            ],
            [
              127.207248,
              22.294699
            ],
            [
              125.903649,
              34.616601
            ],
            [
              129.253477,
              20.267738
            ],
            [
              86.188822,
              44.091872
            ],
            [
              123.040809,
              32.210529
            ],
            [
              99.842968,
              41.524754
            ],
            [
              106.588801,
              9.418626
            ]
          ]
        ]
      },
      "properties": {
        "feature_id": "FEAT-260831-000159-DL",
        "feature_name": "square-elevated",
        "address": "上海市浦东新区世纪大道100号",
        "geom_type": "Polygon",
        "center_point": [
          116.334465,
          29.663875
        ],
        "created_at": "2026-07-11T14:26:03.403104",
        "updated_at": "2026-07-16T04:44:03.403104"
      }
    },
    {
      "id": 6150569443383707325,
      "type": "Feature",
      "geometry": {
        "type": "LineString",
        "coordinates": [
          [
            125.497476,
            37.085405
          ],
          [
            96.414291,
            16.516915
          ],
          [
            108.883761,
            36.278527
          ],
          [
            95.057233,
            39.369928
          ]
        ]
      },
      "properties": {
        "feature_id": "GIS-260831-000160-MY",
        "feature_name": "park-elevated",
        "address": "厦门市思明区湖滨南路99号",
        "geom_type": "LineString",
        "center_point": [
          106.46319,
          32.312694
        ],
        "created_at": "2026-07-23T12:57:39.026159",
        "updated_at": "2026-08-12T09:49:39.026159"
      }
    },
    {
      "id": 5089525862520785308,
      "type": "Feature",
      "geometry": {
        "type": "Point",
        "coordinates": [
          120.288545,
          29.533157
        ]
      },
      "properties": {
        "feature_id": "LAND-260831-000161-EI",
        "feature_name": "west-terminal",
        "address": "成都市武侯区天府大道北段1288号",
        "geom_type": "Point",
        "center_point": [
          120.288545,
          29.533157
        ],
        "created_at": "2026-02-20T23:56:55.531023",
        "updated_at": "2026-03-14T09:28:55.531023"
      }
    },
    {
      "id": 5635530774085410885,
      "type": "Feature",
      "geometry": {
        "type": "Point",
        "coordinates": [
          119.532095,
          51.549723
        ]
      },
      "properties": {
        "feature_id": "GIS-260831-000162-VJ",
        "feature_name": "central-gate",
        "address": "成都市武侯区天府大道北段1288号",
        "geom_type": "Point",
        "center_point": [
          119.532095,
          51.549723
        ],
        "created_at": "2026-01-08T08:02:45.671124",
        "updated_at": "2026-02-04T13:40:45.671124"
      }
    },
    {
      "id": 1380230065377362464,
      "type": "Feature",
      "geometry": {
        "type": "Point",
        "coordinates": [
          89.906837,
          12.209007
        ]
      },
      "properties": {
        "feature_id": "MAP-260831-000163-OM",
        "feature_name": "scenic-segment",
        "address": "长沙市岳麓区岳麓大道233号",
        "geom_type": "Point",
        "center_point": [
          89.906837,
          12.209007
        ],
        "created_at": "2026-05-31T01:37:00.414218",
        "updated_at": "2026-06-24T08:06:00.414218"
      }
    },
    {
      "id": 5125077011758460737,
      "type": "Feature",
      "geometry": {
        "type": "Point",
        "coordinates": [
          75.175601,
          42.326155
        ]
      },
      "properties": {
        "feature_id": "GEO-260831-000164-YU",
        "feature_name": "building-old",
        "address": "厦门市思明区湖滨南路99号",
        "geom_type": "Point",
        "center_point": [
          75.175601,
          42.326155
        ],
        "created_at": "2026-08-17T03:11:12.966568",
        "updated_at": "2026-09-06T04:14:12.966568"
      }
    },
    {
      "id": 4534936537750476264,
      "type": "Feature",
      "geometry": {
        "type": "Point",
        "coordinates": [
          120.592186,
          28.766732
        ]
      },
      "properties": {
        "feature_id": "FEAT-260831-000165-DN",
        "feature_name": "new-terminal",
        "address": "重庆市渝中区解放碑步行街",
        "geom_type": "Point",
        "center_point": [
          120.592186,
          28.766732
        ],
        "created_at": "2026-02-10T21:53:12.695064",
        "updated_at": "2026-02-19T06:35:12.695064"
      }
    },
    {
      "id": 2167652253248287950,
      "type": "Feature",
      "geometry": {
        "type": "LineString",
        "coordinates": [
          [
            98.12974,
            44.039712
          ],
          [
            97.37348,
            5.467264
          ],
          [
            101.774893,
            19.271878
          ],
          [
            93.771017,
            38.528669
          ],
          [
            106.732956,
            46.445431
          ],
          [
            89.718128,
            36.202291
          ],
          [
            95.52032,
            10.457168
          ]
        ]
      },
      "properties": {
        "feature_id": "FEAT-260831-000166-OU",
        "feature_name": "elevated-zone",
        "address": "郑州市金水区金水路115号",
        "geom_type": "LineString",
        "center_point": [
          97.574362,
          28.630345
        ],
        "created_at": "2026-01-09T02:42:41.493911",
        "updated_at": "2026-01-30T21:51:41.493911"
      }
    },
    {
      "id": 6973652701580734337,
      "type": "Feature",
      "geometry": {
        "type": "LineString",
        "coordinates": [
          [
            74.434522,
            7.991232
          ],
          [
            132.430145,
            42.410691
          ],
          [
            107.078601,
            46.318019
          ]
        ]
      },
      "properties": {
        "feature_id": "FEAT-260831-000167-WS",
        "feature_name": "building-branch-terminal",
        "address": "上海市浦东新区世纪大道100号",
        "geom_type": "LineString",
        "center_point": [
          104.647756,
          32.239981
        ],
        "created_at": "2026-03-06T05:15:15.976495",
        "updated_at": "2026-03-15T06:19:15.976495"
      }
    },
    {
      "id": 6813299075351895483,
      "type": "Feature",
      "geometry": {
        "type": "Polygon",
        "coordinates": [
          [
            [
              88.097659,
              34.026574
            ],
            [
              96.153631,
              3.672442
            ],
            [
              96.211846,
              23.182567
            ],
            [
              73.197315,
              15.727401
            ],
            [
              99.935172,
              48.028968
            ],
            [
              132.209392,
              5.878049
            ],
            [
              118.24127,
              34.248495
            ],
            [
              88.097659,
              34.026574
            ]
          ]
        ]
      },
      "properties": {
        "feature_id": "GIS-260831-000168-VX",
        "feature_name": "road-east-zone",
        "address": "大连市中山区人民路60号",
        "geom_type": "Polygon",
        "center_point": [
          100.578041,
          23.537785
        ],
        "created_at": "2026-06-26T03:07:28.913382",
        "updated_at": "2026-07-16T18:33:28.913382"
      }
    },
    {
      "id": 7583378113157748602,
      "type": "Feature",
      "geometry": {
        "type": "Point",
        "coordinates": [
          86.091528,
          46.831809
        ]
      },
      "properties": {
        "feature_id": "GEO-260831-000169-PB",
        "feature_name": "park-south-area",
        "address": "长沙市岳麓区岳麓大道233号",
        "geom_type": "Point",
        "center_point": [
          86.091528,
          46.831809
        ],
        "created_at": "2026-07-10T18:49:26.562734",
        "updated_at": "2026-08-08T12:29:26.562734"
      }
    },
    {
      "id": 5093924497679146003,
      "type": "Feature",
      "geometry": {
        "type": "LineString",
        "coordinates": [
          [
            122.536358,
            20.670789
          ],
          [
            78.78594,
            25.988178
          ],
          [
            110.376777,
            25.255118
          ],
          [
            81.378679,
            14.809081
          ]
        ]
      },
      "properties": {
        "feature_id": "GIS-260831-000170-ZO",
        "feature_name": "main-segment",
        "address": "武汉市江汉区解放大道1234号",
        "geom_type": "LineString",
        "center_point": [
          98.269439,
          21.680792
        ],
        "created_at": "2025-12-20T10:09:38.545614",
        "updated_at": "2025-12-23T07:59:38.545614"
      }
    },
    {
      "id": 6791587119134859436,
      "type": "Feature",
      "geometry": {
        "type": "Point",
        "coordinates": [
          125.188372,
          24.549944
        ]
      },
      "properties": {
        "feature_id": "MAP-260831-000171-GD",
        "feature_name": "tower-west-segment",
        "address": "北京市东城区长安街1号",
        "geom_type": "Point",
        "center_point": [
          125.188372,
          24.549944
        ],
        "created_at": "2026-01-28T01:10:18.841699",
        "updated_at": "2026-02-04T10:51:18.841699"
      }
    },
    {
      "id": 8272631946426628604,
      "type": "Feature",
      "geometry": {
        "type": "Point",
        "coordinates": [
          133.089428,
          27.111203
        ]
      },
      "properties": {
        "feature_id": "MAP-260831-000172-UK",
        "feature_name": "park-branch",
        "address": "大连市中山区人民路60号",
        "geom_type": "Point",
        "center_point": [
          133.089428,
          27.111203
        ],
        "created_at": "2026-03-08T17:15:59.974080",
        "updated_at": "2026-04-04T00:36:59.974080"
      }
    },
    {
      "id": 623352616310877304,
      "type": "Feature",
      "geometry": {
        "type": "Point",
        "coordinates": [
          125.493806,
          13.551414
        ]
      },
      "properties": {
        "feature_id": "FEAT-260831-000173-DW",
        "feature_name": "tower-east",
        "address": "西安市雁塔区雁塔南路88号",
        "geom_type": "Point",
        "center_point": [
          125.493806,
          13.551414
        ],
        "created_at": "2025-12-08T10:43:40.961718",
        "updated_at": "2025-12-26T17:01:40.961718"
      }
    },
    {
      "id": 1729041567384993087,
      "type": "Feature",
      "geometry": {
        "type": "Point",
        "coordinates": [
          91.10803,
          15.824586
        ]
      },
      "properties": {
        "feature_id": "LAND-260831-000174-VL",
        "feature_name": "elevated-segment",
        "address": "青岛市市南区香港中路78号",
        "geom_type": "Point",
        "center_point": [
          91.10803,
          15.824586
        ],
        "created_at": "2026-04-25T01:50:22.445603",
        "updated_at": "2026-05-05T03:24:22.445603"
      }
    },
    {
      "id": 5834484175019517691,
      "type": "Feature",
      "geometry": {
        "type": "Point",
        "coordinates": [
          113.436085,
          50.576897
        ]
      },
      "properties": {
        "feature_id": "GIS-260831-000175-VI",
        "feature_name": "park-elevated",
        "address": "重庆市渝中区解放碑步行街",
        "geom_type": "Point",
        "center_point": [
          113.436085,
          50.576897
        ],
        "created_at": "2025-11-03T05:47:02.301949",
        "updated_at": "2025-11-04T22:31:02.301949"
      }
    },
    {
      "id": 3687726648367548213,
      "type": "Feature",
      "geometry": {
        "type": "Point",
        "coordinates": [
          116.432797,
          26.205954
        ]
      },
      "properties": {
        "feature_id": "LAND-260831-000176-UK",
        "feature_name": "harbor-east-gate",
        "address": "厦门市思明区湖滨南路99号",
        "geom_type": "Point",
        "center_point": [
          116.432797,
          26.205954
        ],
        "created_at": "2026-01-07T14:06:07.652643",
        "updated_at": "2026-01-13T07:51:07.652643"
      }
    },
    {
      "id": 7650321635362025930,
      "type": "Feature",
      "geometry": {
        "type": "Point",
        "coordinates": [
          82.264903,
          17.636189
        ]
      },
      "properties": {
        "feature_id": "GIS-260831-000177-VW",
        "feature_name": "south-area",
        "address": "武汉市江汉区解放大道1234号",
        "geom_type": "Point",
        "center_point": [
          82.264903,
          17.636189
        ],
        "created_at": "2025-11-20T12:40:45.866086",
        "updated_at": "2025-11-26T22:09:45.866086"
      }
    },
    {
      "id": 6997087232745379001,
      "type": "Feature",
      "geometry": {
        "type": "LineString",
        "coordinates": [
          [
            93.904619,
            52.144585
          ],
          [
            105.970567,
            6.680587
          ],
          [
            75.646788,
            9.81564
          ],
          [
            113.309585,
            26.613432
          ],
          [
            76.377339,
            50.055375
          ],
          [
            126.968569,
            13.715885
          ],
          [
            115.774043,
            36.237441
          ]
        ]
      },
      "properties": {
        "feature_id": "FEAT-260831-000178-JS",
        "feature_name": "elevated-section",
        "address": "大连市中山区人民路60号",
        "geom_type": "LineString",
        "center_point": [
          101.13593,
          27.894706
        ],
        "created_at": "2025-11-24T12:26:33.284739",
        "updated_at": "2025-12-11T22:53:33.284739"
      }
    },
    {
      "id": 3575910691001284869,
      "type": "Feature",
      "geometry": {
        "type": "LineString",
        "coordinates": [
          [
            94.126637,
            22.400106
          ],
          [
            93.086091,
            40.161001
          ],
          [
            88.611605,
            10.907549
          ],
          [
            121.249111,
            13.104125
          ],
          [
            100.231105,
            41.725377
          ]
        ]
      },
      "properties": {
        "feature_id": "MAP-260831-000179-BU",
        "feature_name": "harbor-scenic",
        "address": "深圳市南山区科技园南区科苑路15号",
        "geom_type": "LineString",
        "center_point": [
          99.46091,
          25.659632
        ],
        "created_at": "2025-09-02T01:07:08.162479",
        "updated_at": "2025-10-01T19:34:08.162479"
      }
    },
    {
      "id": 2150431552373180900,
      "type": "Feature",
      "geometry": {
        "type": "Point",
        "coordinates": [
          122.483911,
          52.09742
        ]
      },
      "properties": {
        "feature_id": "MAP-260831-000180-VC",
        "feature_name": "scenic-segment",
        "address": "上海市浦东新区世纪大道100号",
        "geom_type": "Point",
        "center_point": [
          122.483911,
          52.09742
        ],
        "created_at": "2025-10-07T05:19:51.859702",
        "updated_at": "2025-10-24T22:16:51.859702"
      }
    },
    {
      "id": 221904497770179546,
      "type": "Feature",
      "geometry": {
        "type": "Point",
        "coordinates": [
          126.541256,
          3.43905
        ]
      },
      "properties": {
        "feature_id": "GIS-260831-000181-JN",
        "feature_name": "road-north-gate",
        "address": "西安市雁塔区雁塔南路88号",
        "geom_type": "Point",
        "center_point": [
          126.541256,
          3.43905
        ],
        "created_at": "2026-03-20T22:21:05.823554",
        "updated_at": "2026-03-28T03:26:05.823554"
      }
    },
    {
      "id": 8333245093573024113,
      "type": "Feature",
      "geometry": {
        "type": "Point",
        "coordinates": [
          86.303379,
          8.973578
        ]
      },
      "properties": {
        "feature_id": "FEAT-260831-000182-RC",
        "feature_name": "building-underground",
        "address": "北京市东城区长安街1号",
        "geom_type": "Point",
        "center_point": [
          86.303379,
          8.973578
        ],
        "created_at": "2026-08-17T11:36:25.223496",
        "updated_at": "2026-09-09T01:18:25.223496"
      }
    },
    {
      "id": 2947186413562467847,
      "type": "Feature",
      "geometry": {
        "type": "LineString",
        "coordinates": [
          [
            74.653539,
            43.055682
          ],
          [
            85.649991,
            3.11588
          ],
          [
            125.330249,
            7.852934
          ],
          [
            81.600423,
            14.715862
          ],
          [
            92.992204,
            31.418484
          ],
          [
            120.432431,
            22.602761
          ]
        ]
      },
      "properties": {
        "feature_id": "GIS-260831-000183-DE",
        "feature_name": "tunnel-old-section",
        "address": "郑州市金水区金水路115号",
        "geom_type": "LineString",
        "center_point": [
          96.776473,
          20.460267
        ],
        "created_at": "2025-11-10T03:32:29.123364",
        "updated_at": "2025-11-18T08:30:29.123364"
      }
    },
    {
      "id": 1423998674586851755,
      "type": "Feature",
      "geometry": {
        "type": "Point",
        "coordinates": [
          106.696738,
          36.415832
        ]
      },
      "properties": {
        "feature_id": "LAND-260831-000184-AL",
        "feature_name": "tunnel-west-segment",
        "address": "深圳市南山区科技园南区科苑路15号",
        "geom_type": "Point",
        "center_point": [
          106.696738,
          36.415832
        ],
        "created_at": "2026-02-05T20:24:12.604425",
        "updated_at": "2026-02-16T20:48:12.604425"
      }
    },
    {
      "id": 4369742059278582517,
      "type": "Feature",
      "geometry": {
        "type": "LineString",
        "coordinates": [
          [
            86.477705,
            33.338053
          ],
          [
            88.028777,
            3.028571
          ],
          [
            78.469713,
            45.706813
          ],
          [
            98.070069,
            37.917844
          ],
          [
            78.249348,
            51.266702
          ],
          [
            79.459451,
            11.705557
          ]
        ]
      },
      "properties": {
        "feature_id": "GEO-260831-000185-RN",
        "feature_name": "new-section",
        "address": "青岛市市南区香港中路78号",
        "geom_type": "LineString",
        "center_point": [
          84.792511,
          30.493923
        ],
        "created_at": "2026-08-28T21:14:52.427420",
        "updated_at": "2026-09-21T12:32:52.427420"
      }
    },
    {
      "id": 6256834299520890528,
      "type": "Feature",
      "geometry": {
        "type": "Point",
        "coordinates": [
          120.29571,
          29.100684
        ]
      },
      "properties": {
        "feature_id": "FEAT-260831-000186-MS",
        "feature_name": "square-underground-terminal",
        "address": "长沙市岳麓区岳麓大道233号",
        "geom_type": "Point",
        "center_point": [
          120.29571,
          29.100684
        ],
        "created_at": "2025-10-13T23:37:11.185250",
        "updated_at": "2025-10-18T23:31:11.185250"
      }
    },
    {
      "id": 5707598024467438845,
      "type": "Feature",
      "geometry": {
        "type": "Polygon",
        "coordinates": [
          [
            [
              132.669269,
              43.369006
            ],
            [
              116.935483,
              8.896804
            ],
            [
              83.616153,
              3.545122
            ],
            [
              89.416786,
              19.373992
            ],
            [
              80.926166,
              51.603823
            ],
            [
              87.315697,
              16.301048
            ],
            [
              101.188099,
              24.898284
            ],
            [
              132.669269,
              43.369006
            ]
          ]
        ]
      },
      "properties": {
        "feature_id": "FEAT-260831-000187-YO",
        "feature_name": "park-new-terminal",
        "address": "郑州市金水区金水路115号",
        "geom_type": "Polygon",
        "center_point": [
          98.866808,
          23.998297
        ],
        "created_at": "2026-05-06T16:00:41.463022",
        "updated_at": "2026-05-30T08:04:41.463022"
      }
    },
    {
      "id": 599908425056674524,
      "type": "Feature",
      "geometry": {
        "type": "LineString",
        "coordinates": [
          [
            106.776445,
            48.540983
          ],
          [
            93.007183,
            39.447245
          ],
          [
            103.73926,
            52.053565
          ],
          [
            79.963686,
            44.369298
          ],
          [
            95.463675,
            10.712633
          ],
          [
            132.310956,
            9.564758
          ],
          [
            73.985817,
            20.558287
          ],
          [
            73.286056,
            23.642248
          ]
        ]
      },
      "properties": {
        "feature_id": "FEAT-260831-000188-WE",
        "feature_name": "building-branch",
        "address": "广州市天河区天河路385号",
        "geom_type": "LineString",
        "center_point": [
          94.816635,
          31.111127
        ],
        "created_at": "2026-07-31T16:21:52.988220",
        "updated_at": "2026-08-10T02:38:52.988220"
      }
    },
    {
      "id": 5378908048564390987,
      "type": "Feature",
      "geometry": {
        "type": "LineString",
        "coordinates": [
          [
            120.031391,
            19.88697
          ],
          [
            133.438213,
            47.469991
          ],
          [
            74.098168,
            19.609802
          ]
        ]
      },
      "properties": {
        "feature_id": "LAND-260831-000189-PU",
        "feature_name": "airport-north-terminal",
        "address": "北京市东城区长安街1号",
        "geom_type": "LineString",
        "center_point": [
          109.189257,
          28.988921
        ],
        "created_at": "2025-10-18T02:42:10.605577",
        "updated_at": "2025-11-12T00:00:10.605577"
      }
    },
    {
      "id": 3078518736597914680,
      "type": "Feature",
      "geometry": {
        "type": "Point",
        "coordinates": [
          125.585936,
          33.887993
        ]
      },
      "properties": {
        "feature_id": "MAP-260831-000190-CV",
        "feature_name": "harbor-branch",
        "address": "南京市玄武区中山路321号",
        "geom_type": "Point",
        "center_point": [
          125.585936,
          33.887993
        ],
        "created_at": "2025-10-15T09:53:58.052196",
        "updated_at": "2025-10-30T21:22:58.052196"
      }
    },
    {
      "id": 4046659623461377194,
      "type": "Feature",
      "geometry": {
        "type": "Point",
        "coordinates": [
          127.643064,
          30.638666
        ]
      },
      "properties": {
        "feature_id": "GIS-260831-000191-CL",
        "feature_name": "south-area",
        "address": "厦门市思明区湖滨南路99号",
        "geom_type": "Point",
        "center_point": [
          127.643064,
          30.638666
        ],
        "created_at": "2026-04-23T17:08:00.408641",
        "updated_at": "2026-04-25T02:11:00.408641"
      }
    },
    {
      "id": 6336456414500978083,
      "type": "Feature",
      "geometry": {
        "type": "Point",
        "coordinates": [
          86.823251,
          10.370361
        ]
      },
      "properties": {
        "feature_id": "MAP-260831-000192-HO",
        "feature_name": "station-elevated",
        "address": "广州市天河区天河路385号",
        "geom_type": "Point",
        "center_point": [
          86.823251,
          10.370361
        ],
        "created_at": "2026-06-03T07:56:29.623662",
        "updated_at": "2026-06-05T20:16:29.623662"
      }
    },
    {
      "id": 1329979878044097129,
      "type": "Feature",
      "geometry": {
        "type": "Point",
        "coordinates": [
          116.79418,
          28.132514
        ]
      },
      "properties": {
        "feature_id": "GIS-260831-000193-HR",
        "feature_name": "south-area",
        "address": "厦门市思明区湖滨南路99号",
        "geom_type": "Point",
        "center_point": [
          116.79418,
          28.132514
        ],
        "created_at": "2026-06-18T09:51:29.986935",
        "updated_at": "2026-07-16T23:50:29.986935"
      }
    },
    {
      "id": 335779989989207531,
      "type": "Feature",
      "geometry": {
        "type": "LineString",
        "coordinates": [
          [
            81.851213,
            36.79578
          ],
          [
            96.137764,
            14.154721
          ],
          [
            130.079916,
            16.19109
          ],
          [
            101.110059,
            15.766888
          ],
          [
            125.760672,
            42.009092
          ]
        ]
      },
      "properties": {
        "feature_id": "GEO-260831-000194-OZ",
        "feature_name": "park-elevated",
        "address": "深圳市南山区科技园南区科苑路15号",
        "geom_type": "LineString",
        "center_point": [
          106.987925,
          24.983514
        ],
        "created_at": "2025-12-13T08:46:18.491839",
        "updated_at": "2025-12-20T11:13:18.491839"
      }
    },
    {
      "id": 8752212035641662730,
      "type": "Feature",
      "geometry": {
        "type": "Point",
        "coordinates": [
          125.831073,
          42.615041
        ]
      },
      "properties": {
        "feature_id": "GIS-260831-000195-XB",
        "feature_name": "square-underground",
        "address": "成都市武侯区天府大道北段1288号",
        "geom_type": "Point",
        "center_point": [
          125.831073,
          42.615041
        ],
        "created_at": "2026-07-11T15:42:00.335010",
        "updated_at": "2026-07-14T09:47:00.335010"
      }
    },
    {
      "id": 7017022227117743437,
      "type": "Feature",
      "geometry": {
        "type": "Polygon",
        "coordinates": [
          [
            [
              97.882294,
              20.412398
            ],
            [
              123.885288,
              25.423106
            ],
            [
              119.277905,
              41.360653
            ],
            [
              134.282398,
              28.353008
            ],
            [
              96.692746,
              17.818003
            ],
            [
              97.882294,
              20.412398
            ]
          ]
        ]
      },
      "properties": {
        "feature_id": "FEAT-260831-000196-RI",
        "feature_name": "tower-south",
        "address": "上海市浦东新区世纪大道100号",
        "geom_type": "Polygon",
        "center_point": [
          114.404126,
          26.673434
        ],
        "created_at": "2026-01-13T21:34:07.642358",
        "updated_at": "2026-02-07T16:48:07.642358"
      }
    },
    {
      "id": 613328640031408281,
      "type": "Feature",
      "geometry": {
        "type": "LineString",
        "coordinates": [
          [
            118.561765,
            21.303549
          ],
          [
            111.462913,
            45.796584
          ],
          [
            122.530288,
            13.457655
          ]
        ]
      },
      "properties": {
        "feature_id": "GIS-260831-000197-YW",
        "feature_name": "north-zone",
        "address": "大连市中山区人民路60号",
        "geom_type": "LineString",
        "center_point": [
          117.518322,
          26.852596
        ],
        "created_at": "2026-06-21T14:31:05.471380",
        "updated_at": "2026-07-15T23:08:05.471380"
      }
    },
    {
      "id": 5389587072002700997,
      "type": "Feature",
      "geometry": {
        "type": "LineString",
        "coordinates": [
          [
            85.757709,
            6.439937
          ],
          [
            96.136426,
            24.696559
          ],
          [
            122.805178,
            48.962467
          ],
          [
            120.97365,
            12.903302
          ],
          [
            78.689934,
            50.073332
          ]
        ]
      },
      "properties": {
        "feature_id": "GEO-260831-000198-VY",
        "feature_name": "tower-main",
        "address": "深圳市南山区科技园南区科苑路15号",
        "geom_type": "LineString",
        "center_point": [
          100.872579,
          28.615119
        ],
        "created_at": "2025-11-09T00:38:14.840889",
        "updated_at": "2025-11-17T22:33:14.840889"
      }
    },
    {
      "id": 1821488828536518815,
      "type": "Feature",
      "geometry": {
        "type": "Point",
        "coordinates": [
          99.034696,
          39.927588
        ]
      },
      "properties": {
        "feature_id": "GEO-260831-000199-CY",
        "feature_name": "east-section",
        "address": "厦门市思明区湖滨南路99号",
        "geom_type": "Point",
        "center_point": [
          99.034696,
          39.927588
        ],
        "created_at": "2026-03-09T22:22:27.921321",
        "updated_at": "2026-04-06T05:18:27.921321"
      }
    },
    {
      "id": 3859210470731145711,
      "type": "Feature",
      "geometry": {
        "type": "Polygon",
        "coordinates": [
          [
            [
              82.510749,
              50.956894
            ],
            [
              94.122803,
              6.874502
            ],
            [
              115.786959,
              39.868692
            ],
            [
              100.11169,
              51.830503
            ],
            [
              99.397811,
              40.711832
            ],
            [
              101.147542,
              34.400722
            ],
            [
              117.190901,
              13.37809
            ],
            [
              89.748076,
              51.37356
            ],
            [
              82.510749,
              50.956894
            ]
          ]
        ]
      },
      "properties": {
        "feature_id": "GIS-260831-000200-PF",
        "feature_name": "dam-east",
        "address": "重庆市渝中区解放碑步行街",
        "geom_type": "Polygon",
        "center_point": [
          100.002066,
          36.174349
        ],
        "created_at": "2026-01-04T08:59:00.718205",
        "updated_at": "2026-02-01T05:12:00.718205"
      }
    },
    {
      "id": 1597670386220450721,
      "type": "Feature",
      "geometry": {
        "type": "Point",
        "coordinates": [
          112.154042,
          20.624234
        ]
      },
      "properties": {
        "feature_id": "GEO-260831-000201-JG",
        "feature_name": "road-west",
        "address": "深圳市南山区科技园南区科苑路15号",
        "geom_type": "Point",
        "center_point": [
          112.154042,
          20.624234
        ],
        "created_at": "2026-06-11T23:23:03.272220",
        "updated_at": "2026-07-09T00:11:03.272220"
      }
    },
    {
      "id": 5507732387978367222,
      "type": "Feature",
      "geometry": {
        "type": "Point",
        "coordinates": [
          101.579069,
          4.760651
        ]
      },
      "properties": {
        "feature_id": "FEAT-260831-000202-RA",
        "feature_name": "water-elevated-segment",
        "address": "重庆市渝中区解放碑步行街",
        "geom_type": "Point",
        "center_point": [
          101.579069,
          4.760651
        ],
        "created_at": "2026-08-12T13:41:42.663567",
        "updated_at": "2026-09-11T04:27:42.663567"
      }
    },
    {
      "id": 5059942871211456559,
      "type": "Feature",
      "geometry": {
        "type": "LineString",
        "coordinates": [
          [
            97.483048,
            27.759325
          ],
          [
            118.967444,
            43.441168
          ],
          [
            128.69753,
            31.900494
          ],
          [
            133.530401,
            28.980875
          ],
          [
            116.274815,
            22.688167
          ]
        ]
      },
      "properties": {
        "feature_id": "FEAT-260831-000203-RW",
        "feature_name": "water-south",
        "address": "成都市武侯区天府大道北段1288号",
        "geom_type": "LineString",
        "center_point": [
          118.990648,
          30.954006
        ],
        "created_at": "2026-03-23T11:07:17.043965",
        "updated_at": "2026-03-31T16:22:17.043965"
      }
    },
    {
      "id": 5680394715232395250,
      "type": "Feature",
      "geometry": {
        "type": "LineString",
        "coordinates": [
          [
            85.691714,
            24.437398
          ],
          [
            112.006191,
            7.826227
          ],
          [
            99.697775,
            41.148048
          ],
          [
            87.255833,
            48.788384
          ],
          [
            86.154711,
            48.91008
          ]
        ]
      },
      "properties": {
        "feature_id": "GIS-260831-000204-KJ",
        "feature_name": "new-section",
        "address": "南京市玄武区中山路321号",
        "geom_type": "LineString",
        "center_point": [
          94.161245,
          34.222027
        ],
        "created_at": "2026-06-12T11:48:32.776486",
        "updated_at": "2026-07-08T05:27:32.776486"
      }
    },
    {
      "id": 557847870755419327,
      "type": "Feature",
      "geometry": {
        "type": "Point",
        "coordinates": [
          127.949801,
          11.098793
        ]
      },
      "properties": {
        "feature_id": "MAP-260831-000205-LF",
        "feature_name": "tunnel-branch-terminal",
        "address": "武汉市江汉区解放大道1234号",
        "geom_type": "Point",
        "center_point": [
          127.949801,
          11.098793
        ],
        "created_at": "2025-11-30T19:17:43.181056",
        "updated_at": "2025-12-09T06:53:43.181056"
      }
    },
    {
      "id": 8123370124257815285,
      "type": "Feature",
      "geometry": {
        "type": "LineString",
        "coordinates": [
          [
            121.022403,
            53.504076
          ],
          [
            90.08344,
            23.873557
          ],
          [
            133.711027,
            39.887608
          ],
          [
            79.88045,
            6.02775
          ]
        ]
      },
      "properties": {
        "feature_id": "GEO-260831-000206-WB",
        "feature_name": "water-central",
        "address": "杭州市西湖区文三路18号",
        "geom_type": "LineString",
        "center_point": [
          106.17433,
          30.823248
        ],
        "created_at": "2026-03-01T09:33:22.076758",
        "updated_at": "2026-03-20T05:58:22.076758"
      }
    },
    {
      "id": 8337438591123564350,
      "type": "Feature",
      "geometry": {
        "type": "Point",
        "coordinates": [
          126.574621,
          25.032613
        ]
      },
      "properties": {
        "feature_id": "FEAT-260831-000207-HI",
        "feature_name": "north-segment",
        "address": "深圳市南山区科技园南区科苑路15号",
        "geom_type": "Point",
        "center_point": [
          126.574621,
          25.032613
        ],
        "created_at": "2026-01-03T08:09:38.349683",
        "updated_at": "2026-01-28T16:25:38.349683"
      }
    },
    {
      "id": 6042968400161835122,
      "type": "Feature",
      "geometry": {
        "type": "Point",
        "coordinates": [
          129.802983,
          23.687971
        ]
      },
      "properties": {
        "feature_id": "FEAT-260831-000208-PJ",
        "feature_name": "airport-north-segment",
        "address": "南京市玄武区中山路321号",
        "geom_type": "Point",
        "center_point": [
          129.802983,
          23.687971
        ],
        "created_at": "2026-08-11T21:44:23.130848",
        "updated_at": "2026-08-24T19:09:23.130848"
      }
    },
    {
      "id": 5526066013403289702,
      "type": "Feature",
      "geometry": {
        "type": "Point",
        "coordinates": [
          134.957592,
          26.528451
        ]
      },
      "properties": {
        "feature_id": "GIS-260831-000209-KI",
        "feature_name": "north-area",
        "address": "长沙市岳麓区岳麓大道233号",
        "geom_type": "Point",
        "center_point": [
          134.957592,
          26.528451
        ],
        "created_at": "2026-02-01T10:41:32.625239",
        "updated_at": "2026-02-02T00:59:32.625239"
      }
    },
    {
      "id": 7580385997875188606,
      "type": "Feature",
      "geometry": {
        "type": "Polygon",
        "coordinates": [
          [
            [
              98.379386,
              44.107818
            ],
            [
              126.035345,
              43.662361
            ],
            [
              127.875392,
              12.787123
            ],
            [
              97.44571,
              38.883605
            ],
            [
              98.379386,
              44.107818
            ]
          ]
        ]
      },
      "properties": {
        "feature_id": "FEAT-260831-000210-ON",
        "feature_name": "elevated-segment",
        "address": "上海市浦东新区世纪大道100号",
        "geom_type": "Polygon",
        "center_point": [
          112.433958,
          34.860227
        ],
        "created_at": "2026-02-02T13:10:06.377070",
        "updated_at": "2026-03-04T23:36:06.377070"
      }
    },
    {
      "id": 7331834449902648109,
      "type": "Feature",
      "geometry": {
        "type": "Point",
        "coordinates": [
          132.109177,
          4.30767
        ]
      },
      "properties": {
        "feature_id": "GEO-260831-000211-AE",
        "feature_name": "building-main-section",
        "address": "上海市浦东新区世纪大道100号",
        "geom_type": "Point",
        "center_point": [
          132.109177,
          4.30767
        ],
        "created_at": "2026-07-06T12:18:04.898087",
        "updated_at": "2026-08-06T03:20:04.898087"
      }
    },
    {
      "id": 503079541636434678,
      "type": "Feature",
      "geometry": {
        "type": "Point",
        "coordinates": [
          91.654987,
          38.684686
        ]
      },
      "properties": {
        "feature_id": "FEAT-260831-000212-TA",
        "feature_name": "tower-south-gate",
        "address": "郑州市金水区金水路115号",
        "geom_type": "Point",
        "center_point": [
          91.654987,
          38.684686
        ],
        "created_at": "2025-11-08T21:42:30.973069",
        "updated_at": "2025-11-11T12:17:30.973069"
      }
    },
    {
      "id": 340649065555066781,
      "type": "Feature",
      "geometry": {
        "type": "Point",
        "coordinates": [
          127.79457,
          22.180988
        ]
      },
      "properties": {
        "feature_id": "MAP-260831-000213-VP",
        "feature_name": "branch-terminal",
        "address": "武汉市江汉区解放大道1234号",
        "geom_type": "Point",
        "center_point": [
          127.79457,
          22.180988
        ],
        "created_at": "2025-11-02T09:24:43.674198",
        "updated_at": "2025-11-06T22:06:43.674198"
      }
    },
    {
      "id": 4110504794405797830,
      "type": "Feature",
      "geometry": {
        "type": "LineString",
        "coordinates": [
          [
            91.5378,
            52.73148
          ],
          [
            134.877596,
            10.827378
          ],
          [
            81.990919,
            21.172996
          ],
          [
            76.756151,
            15.06104
          ],
          [
            107.64356,
            50.264082
          ],
          [
            96.272732,
            31.044316
          ]
        ]
      },
      "properties": {
        "feature_id": "MAP-260831-000214-IV",
        "feature_name": "building-underground-segment",
        "address": "北京市东城区长安街1号",
        "geom_type": "LineString",
        "center_point": [
          98.179793,
          30.183549
        ],
        "created_at": "2026-07-30T00:33:06.410024",
        "updated_at": "2026-08-23T04:50:06.410024"
      }
    },
    {
      "id": 7117472240130655109,
      "type": "Feature",
      "geometry": {
        "type": "LineString",
        "coordinates": [
          [
            77.618013,
            6.24284
          ],
          [
            111.766102,
            48.359167
          ],
          [
            108.951841,
            21.03536
          ],
          [
            85.138824,
            38.445338
          ],
          [
            112.744602,
            16.135934
          ],
          [
            114.017781,
            51.797778
          ],
          [
            115.786062,
            13.339618
          ]
        ]
      },
      "properties": {
        "feature_id": "GIS-260831-000215-JE",
        "feature_name": "west-gate",
        "address": "重庆市渝中区解放碑步行街",
        "geom_type": "LineString",
        "center_point": [
          103.717604,
          27.908005
        ],
        "created_at": "2025-11-11T01:00:24.268694",
        "updated_at": "2025-11-21T09:49:24.268694"
      }
    },
    {
      "id": 8950825143551161795,
      "type": "Feature",
      "geometry": {
        "type": "LineString",
        "coordinates": [
          [
            114.424933,
            24.337709
          ],
          [
            125.621046,
            41.553249
          ],
          [
            113.957396,
            41.168002
          ],
          [
            107.524926,
            3.066016
          ],
          [
            114.998546,
            40.515326
          ],
          [
            104.613136,
            35.093636
          ],
          [
            112.909742,
            12.045944
          ]
        ]
      },
      "properties": {
        "feature_id": "GEO-260831-000216-YU",
        "feature_name": "harbor-south",
        "address": "西安市雁塔区雁塔南路88号",
        "geom_type": "LineString",
        "center_point": [
          113.435675,
          28.254269
        ],
        "created_at": "2025-09-13T13:44:08.686503",
        "updated_at": "2025-09-30T05:03:08.686503"
      }
    },
    {
      "id": 899908227310868534,
      "type": "Feature",
      "geometry": {
        "type": "Point",
        "coordinates": [
          117.676178,
          34.076209
        ]
      },
      "properties": {
        "feature_id": "LAND-260831-000217-JS",
        "feature_name": "park-new",
        "address": "青岛市市南区香港中路78号",
        "geom_type": "Point",
        "center_point": [
          117.676178,
          34.076209
        ],
        "created_at": "2025-10-22T10:24:37.237969",
        "updated_at": "2025-11-19T06:20:37.237969"
      }
    },
    {
      "id": 7982827849772060922,
      "type": "Feature",
      "geometry": {
        "type": "LineString",
        "coordinates": [
          [
            106.883822,
            41.497877
          ],
          [
            97.151858,
            43.039135
          ],
          [
            94.765531,
            52.560673
          ],
          [
            129.122384,
            9.515783
          ],
          [
            79.524198,
            41.902198
          ],
          [
            102.842014,
            29.497851
          ],
          [
            90.522202,
            23.288369
          ],
          [
            84.579707,
            37.57924
          ]
        ]
      },
      "properties": {
        "feature_id": "GEO-260831-000218-NH",
        "feature_name": "east-segment",
        "address": "青岛市市南区香港中路78号",
        "geom_type": "LineString",
        "center_point": [
          98.173965,
          34.860141
        ],
        "created_at": "2026-08-20T10:47:50.180918",
        "updated_at": "2026-09-04T15:02:50.180918"
      }
    },
    {
      "id": 8920282728161160846,
      "type": "Feature",
      "geometry": {
        "type": "Point",
        "coordinates": [
          121.649825,
          36.745944
        ]
      },
      "properties": {
        "feature_id": "LAND-260831-000219-GP",
        "feature_name": "elevated-terminal",
        "address": "上海市浦东新区世纪大道100号",
        "geom_type": "Point",
        "center_point": [
          121.649825,
          36.745944
        ],
        "created_at": "2025-09-08T20:27:33.154807",
        "updated_at": "2025-09-27T05:13:33.154807"
      }
    },
    {
      "id": 2807839918321386639,
      "type": "Feature",
      "geometry": {
        "type": "LineString",
        "coordinates": [
          [
            73.714191,
            16.034786
          ],
          [
            112.787919,
            44.906923
          ],
          [
            112.913437,
            25.070021
          ]
        ]
      },
      "properties": {
        "feature_id": "GIS-260831-000220-GC",
        "feature_name": "branch-zone",
        "address": "青岛市市南区香港中路78号",
        "geom_type": "LineString",
        "center_point": [
          99.805182,
          28.670577
        ],
        "created_at": "2026-05-04T08:18:33.052430",
        "updated_at": "2026-05-24T00:18:33.052430"
      }
    },
    {
      "id": 2478743385318622075,
      "type": "Feature",
      "geometry": {
        "type": "Point",
        "coordinates": [
          119.906798,
          31.709743
        ]
      },
      "properties": {
        "feature_id": "FEAT-260831-000221-AY",
        "feature_name": "road-new",
        "address": "青岛市市南区香港中路78号",
        "geom_type": "Point",
        "center_point": [
          119.906798,
          31.709743
        ],
        "created_at": "2026-03-10T22:40:52.059736",
        "updated_at": "2026-03-23T05:12:52.059736"
      }
    },
    {
      "id": 4786289515739690310,
      "type": "Feature",
      "geometry": {
        "type": "Polygon",
        "coordinates": [
          [
            [
              82.057427,
              34.827693
            ],
            [
              105.440698,
              44.809217
            ],
            [
              112.378827,
              7.612405
            ],
            [
              74.4485,
              6.874115
            ],
            [
              134.346398,
              11.082977
            ],
            [
              90.501095,
              35.759896
            ],
            [
              116.285008,
              36.509058
            ],
            [
              82.057427,
              34.827693
            ]
          ]
        ]
      },
      "properties": {
        "feature_id": "GIS-260831-000222-MP",
        "feature_name": "south-segment",
        "address": "青岛市市南区香港中路78号",
        "geom_type": "Polygon",
        "center_point": [
          102.208279,
          25.353623
        ],
        "created_at": "2026-02-12T18:38:58.419781",
        "updated_at": "2026-02-25T08:14:58.419781"
      }
    },
    {
      "id": 3197484672782445602,
      "type": "Feature",
      "geometry": {
        "type": "Point",
        "coordinates": [
          124.786894,
          38.484638
        ]
      },
      "properties": {
        "feature_id": "FEAT-260831-000223-EY",
        "feature_name": "station-new-zone",
        "address": "青岛市市南区香港中路78号",
        "geom_type": "Point",
        "center_point": [
          124.786894,
          38.484638
        ],
        "created_at": "2026-06-14T13:00:59.161851",
        "updated_at": "2026-07-13T19:58:59.161851"
      }
    },
    {
      "id": 1587015604661662440,
      "type": "Feature",
      "geometry": {
        "type": "LineString",
        "coordinates": [
          [
            105.371136,
            23.952227
          ],
          [
            132.566814,
            5.558298
          ],
          [
            93.111008,
            16.196393
          ]
        ]
      },
      "properties": {
        "feature_id": "LAND-260831-000224-QC",
        "feature_name": "bridge-old",
        "address": "重庆市渝中区解放碑步行街",
        "geom_type": "LineString",
        "center_point": [
          110.349653,
          15.235639
        ],
        "created_at": "2026-03-31T03:29:37.234115",
        "updated_at": "2026-04-23T20:50:37.234115"
      }
    },
    {
      "id": 3425867590815882244,
      "type": "Feature",
      "geometry": {
        "type": "Point",
        "coordinates": [
          129.223142,
          12.374156
        ]
      },
      "properties": {
        "feature_id": "FEAT-260831-000225-DR",
        "feature_name": "harbor-elevated-area",
        "address": "武汉市江汉区解放大道1234号",
        "geom_type": "Point",
        "center_point": [
          129.223142,
          12.374156
        ],
        "created_at": "2025-10-27T08:25:58.994211",
        "updated_at": "2025-11-24T15:34:58.994211"
      }
    },
    {
      "id": 5666071225540722977,
      "type": "Feature",
      "geometry": {
        "type": "Point",
        "coordinates": [
          97.570804,
          41.69984
        ]
      },
      "properties": {
        "feature_id": "FEAT-260831-000226-FQ",
        "feature_name": "dam-central",
        "address": "大连市中山区人民路60号",
        "geom_type": "Point",
        "center_point": [
          97.570804,
          41.69984
        ],
        "created_at": "2026-04-23T07:16:32.259947",
        "updated_at": "2026-04-29T08:40:32.259947"
      }
    },
    {
      "id": 1747702591663185323,
      "type": "Feature",
      "geometry": {
        "type": "Point",
        "coordinates": [
          126.457941,
          30.834799
        ]
      },
      "properties": {
        "feature_id": "GEO-260831-000227-WK",
        "feature_name": "new-area",
        "address": "大连市中山区人民路60号",
        "geom_type": "Point",
        "center_point": [
          126.457941,
          30.834799
        ],
        "created_at": "2026-06-15T22:30:36.862594",
        "updated_at": "2026-07-15T03:09:36.862594"
      }
    },
    {
      "id": 4553664390429310209,
      "type": "Feature",
      "geometry": {
        "type": "Point",
        "coordinates": [
          102.749518,
          41.705528
        ]
      },
      "properties": {
        "feature_id": "GIS-260831-000228-EL",
        "feature_name": "new-zone",
        "address": "武汉市江汉区解放大道1234号",
        "geom_type": "Point",
        "center_point": [
          102.749518,
          41.705528
        ],
        "created_at": "2026-07-11T23:04:53.186079",
        "updated_at": "2026-07-19T08:21:53.186079"
      }
    },
    {
      "id": 6442831364085805729,
      "type": "Feature",
      "geometry": {
        "type": "LineString",
        "coordinates": [
          [
            95.941034,
            30.006607
          ],
          [
            104.885809,
            48.624128
          ],
          [
            92.952738,
            12.344448
          ],
          [
            134.952856,
            13.950624
          ]
        ]
      },
      "properties": {
        "feature_id": "GEO-260831-000229-QV",
        "feature_name": "square-old-zone",
        "address": "青岛市市南区香港中路78号",
        "geom_type": "LineString",
        "center_point": [
          107.183109,
          26.231452
        ],
        "created_at": "2025-09-19T22:41:38.679802",
        "updated_at": "2025-10-11T00:57:38.679802"
      }
    },
    {
      "id": 7449039366896291116,
      "type": "Feature",
      "geometry": {
        "type": "Point",
        "coordinates": [
          73.336027,
          28.633867
        ]
      },
      "properties": {
        "feature_id": "FEAT-260831-000230-BE",
        "feature_name": "tower-new-gate",
        "address": "深圳市南山区科技园南区科苑路15号",
        "geom_type": "Point",
        "center_point": [
          73.336027,
          28.633867
        ],
        "created_at": "2026-05-29T21:08:19.565914",
        "updated_at": "2026-06-24T11:37:19.565914"
      }
    },
    {
      "id": 2270109810627862305,
      "type": "Feature",
      "geometry": {
        "type": "Polygon",
        "coordinates": [
          [
            [
              89.574549,
              40.648765
            ],
            [
              73.511665,
              6.726948
            ],
            [
              87.095191,
              32.49716
            ],
            [
              95.227983,
              18.307667
            ],
            [
              89.574549,
              40.648765
            ]
          ]
        ]
      },
      "properties": {
        "feature_id": "MAP-260831-000231-SE",
        "feature_name": "airport-underground-segment",
        "address": "杭州市西湖区文三路18号",
        "geom_type": "Polygon",
        "center_point": [
          86.352347,
          24.545135
        ],
        "created_at": "2025-12-01T18:56:31.088713",
        "updated_at": "2025-12-03T22:04:31.088713"
      }
    },
    {
      "id": 3278965949368761895,
      "type": "Feature",
      "geometry": {
        "type": "Point",
        "coordinates": [
          96.149428,
          16.024901
        ]
      },
      "properties": {
        "feature_id": "GEO-260831-000232-JJ",
        "feature_name": "harbor-north-zone",
        "address": "厦门市思明区湖滨南路99号",
        "geom_type": "Point",
        "center_point": [
          96.149428,
          16.024901
        ],
        "created_at": "2026-05-27T13:55:08.596243",
        "updated_at": "2026-06-02T14:14:08.596243"
      }
    },
    {
      "id": 8976793153829697870,
      "type": "Feature",
      "geometry": {
        "type": "Point",
        "coordinates": [
          111.370572,
          9.210621
        ]
      },
      "properties": {
        "feature_id": "MAP-260831-000233-WB",
        "feature_name": "building-north-area",
        "address": "武汉市江汉区解放大道1234号",
        "geom_type": "Point",
        "center_point": [
          111.370572,
          9.210621
        ],
        "created_at": "2025-09-19T09:39:30.297047",
        "updated_at": "2025-10-12T19:41:30.297047"
      }
    },
    {
      "id": 3150089463999678135,
      "type": "Feature",
      "geometry": {
        "type": "LineString",
        "coordinates": [
          [
            77.275369,
            39.938756
          ],
          [
            88.625267,
            53.009327
          ],
          [
            97.263569,
            6.833002
          ]
        ]
      },
      "properties": {
        "feature_id": "LAND-260831-000234-SY",
        "feature_name": "building-scenic",
        "address": "杭州市西湖区文三路18号",
        "geom_type": "LineString",
        "center_point": [
          87.721402,
          33.260362
        ],
        "created_at": "2026-01-03T03:13:52.295541",
        "updated_at": "2026-01-08T19:42:52.295541"
      }
    },
    {
      "id": 6957507515229815388,
      "type": "Feature",
      "geometry": {
        "type": "Point",
        "coordinates": [
          100.627237,
          17.679572
        ]
      },
      "properties": {
        "feature_id": "GIS-260831-000235-UF",
        "feature_name": "north-gate",
        "address": "广州市天河区天河路385号",
        "geom_type": "Point",
        "center_point": [
          100.627237,
          17.679572
        ],
        "created_at": "2026-07-14T12:12:52.040424",
        "updated_at": "2026-08-13T11:55:52.040424"
      }
    },
    {
      "id": 3211089012021452654,
      "type": "Feature",
      "geometry": {
        "type": "Polygon",
        "coordinates": [
          [
            [
              126.336868,
              4.028894
            ],
            [
              134.935987,
              12.440335
            ],
            [
              112.433773,
              49.452023
            ],
            [
              89.303849,
              42.585952
            ],
            [
              126.336868,
              4.028894
            ]
          ]
        ]
      },
      "properties": {
        "feature_id": "MAP-260831-000236-TC",
        "feature_name": "station-scenic",
        "address": "杭州市西湖区文三路18号",
        "geom_type": "Polygon",
        "center_point": [
          115.752619,
          27.126801
        ],
        "created_at": "2026-08-17T04:46:08.378505",
        "updated_at": "2026-09-15T20:23:08.378505"
      }
    },
    {
      "id": 1119261681422454313,
      "type": "Feature",
      "geometry": {
        "type": "Point",
        "coordinates": [
          134.903441,
          25.980762
        ]
      },
      "properties": {
        "feature_id": "FEAT-260831-000237-WG",
        "feature_name": "east-gate",
        "address": "上海市浦东新区世纪大道100号",
        "geom_type": "Point",
        "center_point": [
          134.903441,
          25.980762
        ],
        "created_at": "2026-03-28T00:52:04.049269",
        "updated_at": "2026-03-31T03:44:04.049269"
      }
    },
    {
      "id": 7978810836661993161,
      "type": "Feature",
      "geometry": {
        "type": "LineString",
        "coordinates": [
          [
            112.641707,
            21.440318
          ],
          [
            81.874523,
            8.667254
          ],
          [
            87.181697,
            35.324108
          ],
          [
            85.325338,
            4.60263
          ]
        ]
      },
      "properties": {
        "feature_id": "FEAT-260831-000238-IG",
        "feature_name": "tunnel-old",
        "address": "厦门市思明区湖滨南路99号",
        "geom_type": "LineString",
        "center_point": [
          91.755816,
          17.508578
        ],
        "created_at": "2025-12-15T23:19:04.644996",
        "updated_at": "2025-12-25T02:34:04.644996"
      }
    },
    {
      "id": 9041961391717213223,
      "type": "Feature",
      "geometry": {
        "type": "Point",
        "coordinates": [
          95.957203,
          18.073741
        ]
      },
      "properties": {
        "feature_id": "FEAT-260831-000239-HY",
        "feature_name": "elevated-gate",
        "address": "厦门市思明区湖滨南路99号",
        "geom_type": "Point",
        "center_point": [
          95.957203,
          18.073741
        ],
        "created_at": "2026-08-14T21:23:37.410903",
        "updated_at": "2026-09-14T09:13:37.410903"
      }
    },
    {
      "id": 1482464848892265727,
      "type": "Feature",
      "geometry": {
        "type": "Polygon",
        "coordinates": [
          [
            [
              89.835015,
              12.077518
            ],
            [
              93.154822,
              8.921206
            ],
            [
              112.41849,
              42.99476
            ],
            [
              84.870287,
              30.648938
            ],
            [
              120.747515,
              49.022497
            ],
            [
              118.584329,
              23.524792
            ],
            [
              77.809771,
              48.923042
            ],
            [
              99.75205,
              36.916517
            ],
            [
              89.835015,
              12.077518
            ]
          ]
        ]
      },
      "properties": {
        "feature_id": "GIS-260831-000240-GU",
        "feature_name": "bridge-north-zone",
        "address": "青岛市市南区香港中路78号",
        "geom_type": "Polygon",
        "center_point": [
          99.646535,
          31.628659
        ],
        "created_at": "2026-03-10T09:42:43.631679",
        "updated_at": "2026-03-17T22:06:43.631679"
      }
    },
    {
      "id": 4633457744855581581,
      "type": "Feature",
      "geometry": {
        "type": "LineString",
        "coordinates": [
          [
            76.579753,
            42.677574
          ],
          [
            126.556801,
            34.034087
          ],
          [
            80.131025,
            4.749315
          ],
          [
            102.001926,
            32.873603
          ],
          [
            127.273604,
            40.529577
          ]
        ]
      },
      "properties": {
        "feature_id": "GEO-260831-000241-CW",
        "feature_name": "dam-branch-zone",
        "address": "广州市天河区天河路385号",
        "geom_type": "LineString",
        "center_point": [
          102.508622,
          30.972831
        ],
        "created_at": "2025-11-22T14:24:40.829426",
        "updated_at": "2025-11-30T11:09:40.829426"
      }
    },
    {
      "id": 7583170563753818114,
      "type": "Feature",
      "geometry": {
        "type": "Point",
        "coordinates": [
          84.727893,
          32.632218
        ]
      },
      "properties": {
        "feature_id": "LAND-260831-000242-LU",
        "feature_name": "road-branch-zone",
        "address": "上海市浦东新区世纪大道100号",
        "geom_type": "Point",
        "center_point": [
          84.727893,
          32.632218
        ],
        "created_at": "2026-06-17T13:08:57.892442",
        "updated_at": "2026-07-01T12:14:57.892442"
      }
    },
    {
      "id": 927205189493720022,
      "type": "Feature",
      "geometry": {
        "type": "Point",
        "coordinates": [
          122.505958,
          29.870565
        ]
      },
      "properties": {
        "feature_id": "GIS-260831-000243-UD",
        "feature_name": "road-scenic",
        "address": "深圳市南山区科技园南区科苑路15号",
        "geom_type": "Point",
        "center_point": [
          122.505958,
          29.870565
        ],
        "created_at": "2026-04-20T16:16:08.445334",
        "updated_at": "2026-05-01T04:55:08.445334"
      }
    },
    {
      "id": 3182747942026560138,
      "type": "Feature",
      "geometry": {
        "type": "LineString",
        "coordinates": [
          [
            82.291133,
            46.206067
          ],
          [
            132.130471,
            33.622374
          ],
          [
            126.696962,
            53.051052
          ]
        ]
      },
      "properties": {
        "feature_id": "MAP-260831-000244-IL",
        "feature_name": "building-elevated",
        "address": "广州市天河区天河路385号",
        "geom_type": "LineString",
        "center_point": [
          113.706189,
          44.293164
        ],
        "created_at": "2025-12-06T11:58:09.168111",
        "updated_at": "2026-01-03T19:18:09.168111"
      }
    },
    {
      "id": 1128955958506344176,
      "type": "Feature",
      "geometry": {
        "type": "Point",
        "coordinates": [
          131.636195,
          32.418076
        ]
      },
      "properties": {
        "feature_id": "LAND-260831-000245-SM",
        "feature_name": "scenic-gate",
        "address": "广州市天河区天河路385号",
        "geom_type": "Point",
        "center_point": [
          131.636195,
          32.418076
        ],
        "created_at": "2025-10-01T10:58:32.852290",
        "updated_at": "2025-10-08T18:54:32.852290"
      }
    },
    {
      "id": 3832520608364616326,
      "type": "Feature",
      "geometry": {
        "type": "LineString",
        "coordinates": [
          [
            112.738584,
            6.070019
          ],
          [
            103.944558,
            17.724593
          ],
          [
            94.949733,
            6.476002
          ]
        ]
      },
      "properties": {
        "feature_id": "FEAT-260831-000246-CG",
        "feature_name": "new-segment",
        "address": "长沙市岳麓区岳麓大道233号",
        "geom_type": "LineString",
        "center_point": [
          103.877625,
          10.090205
        ],
        "created_at": "2026-03-30T17:02:07.464984",
        "updated_at": "2026-04-19T01:51:07.464984"
      }
    },
    {
      "id": 4818177710116785172,
      "type": "Feature",
      "geometry": {
        "type": "Point",
        "coordinates": [
          130.820597,
          35.902554
        ]
      },
      "properties": {
        "feature_id": "GIS-260831-000247-HG",
        "feature_name": "road-new",
        "address": "西安市雁塔区雁塔南路88号",
        "geom_type": "Point",
        "center_point": [
          130.820597,
          35.902554
        ],
        "created_at": "2026-05-18T22:23:56.761891",
        "updated_at": "2026-06-16T19:03:56.761891"
      }
    },
    {
      "id": 881654972898663954,
      "type": "Feature",
      "geometry": {
        "type": "LineString",
        "coordinates": [
          [
            134.818946,
            20.108456
          ],
          [
            81.858573,
            5.758423
          ],
          [
            112.787926,
            11.512269
          ],
          [
            88.634457,
            31.54245
          ],
          [
            96.911448,
            13.796154
          ]
        ]
      },
      "properties": {
        "feature_id": "GIS-260831-000248-IH",
        "feature_name": "main-area",
        "address": "青岛市市南区香港中路78号",
        "geom_type": "LineString",
        "center_point": [
          103.00227,
          16.54355
        ],
        "created_at": "2026-05-05T04:54:14.151024",
        "updated_at": "2026-05-20T16:57:14.151024"
      }
    },
    {
      "id": 8515816549933909097,
      "type": "Feature",
      "geometry": {
        "type": "Point",
        "coordinates": [
          127.754578,
          23.640054
        ]
      },
      "properties": {
        "feature_id": "GIS-260831-000249-VA",
        "feature_name": "building-north",
        "address": "南京市玄武区中山路321号",
        "geom_type": "Point",
        "center_point": [
          127.754578,
          23.640054
        ],
        "created_at": "2026-08-27T15:32:59.774796",
        "updated_at": "2026-09-16T08:19:59.774796"
      }
    },
    {
      "id": 2871572799509361827,
      "type": "Feature",
      "geometry": {
        "type": "LineString",
        "coordinates": [
          [
            88.235041,
            10.005182
          ],
          [
            73.359631,
            21.492099
          ],
          [
            127.14018,
            12.250222
          ],
          [
            130.398558,
            41.970979
          ]
        ]
      },
      "properties": {
        "feature_id": "FEAT-260831-000250-PX",
        "feature_name": "park-north-terminal",
        "address": "重庆市渝中区解放碑步行街",
        "geom_type": "LineString",
        "center_point": [
          104.783353,
          21.42962
        ],
        "created_at": "2025-09-19T18:40:29.832375",
        "updated_at": "2025-10-10T20:22:29.832375"
      }
    },
    {
      "id": 8154934968196409307,
      "type": "Feature",
      "geometry": {
        "type": "LineString",
        "coordinates": [
          [
            109.385382,
            47.003757
          ],
          [
            103.126335,
            40.132562
          ],
          [
            108.115403,
            50.139751
          ],
          [
            120.843128,
            45.98428
          ]
        ]
      },
      "properties": {
        "feature_id": "MAP-260831-000251-KL",
        "feature_name": "airport-main-segment",
        "address": "杭州市西湖区文三路18号",
        "geom_type": "LineString",
        "center_point": [
          110.367562,
          45.815088
        ],
        "created_at": "2025-12-18T23:49:49.041691",
        "updated_at": "2025-12-24T12:01:49.041691"
      }
    },
    {
      "id": 8876905482981357432,
      "type": "Feature",
      "geometry": {
        "type": "Point",
        "coordinates": [
          95.601348,
          34.960629
        ]
      },
      "properties": {
        "feature_id": "LAND-260831-000252-KU",
        "feature_name": "tower-main",
        "address": "南京市玄武区中山路321号",
        "geom_type": "Point",
        "center_point": [
          95.601348,
          34.960629
        ],
        "created_at": "2026-03-03T09:34:46.186146",
        "updated_at": "2026-03-03T11:09:46.186146"
      }
    },
    {
      "id": 7220644549929874461,
      "type": "Feature",
      "geometry": {
        "type": "Point",
        "coordinates": [
          115.165668,
          53.933374
        ]
      },
      "properties": {
        "feature_id": "LAND-260831-000253-QW",
        "feature_name": "road-old",
        "address": "上海市浦东新区世纪大道100号",
        "geom_type": "Point",
        "center_point": [
          115.165668,
          53.933374
        ],
        "created_at": "2025-12-09T23:22:17.711616",
        "updated_at": "2025-12-17T06:18:17.711616"
      }
    },
    {
      "id": 7121183113421419417,
      "type": "Feature",
      "geometry": {
        "type": "Point",
        "coordinates": [
          94.248145,
          37.01885
        ]
      },
      "properties": {
        "feature_id": "FEAT-260831-000254-CB",
        "feature_name": "branch-gate",
        "address": "郑州市金水区金水路115号",
        "geom_type": "Point",
        "center_point": [
          94.248145,
          37.01885
        ],
        "created_at": "2026-02-12T22:52:04.833894",
        "updated_at": "2026-02-13T07:55:04.833894"
      }
    },
    {
      "id": 5424723571432395227,
      "type": "Feature",
      "geometry": {
        "type": "Point",
        "coordinates": [
          87.516069,
          4.407202
        ]
      },
      "properties": {
        "feature_id": "LAND-260831-000255-OK",
        "feature_name": "water-scenic-gate",
        "address": "武汉市江汉区解放大道1234号",
        "geom_type": "Point",
        "center_point": [
          87.516069,
          4.407202
        ],
        "created_at": "2026-01-26T02:22:24.242856",
        "updated_at": "2026-02-11T07:08:24.242856"
      }
    },
    {
      "id": 6565570390694537659,
      "type": "Feature",
      "geometry": {
        "type": "Point",
        "coordinates": [
          97.55889,
          33.979981
        ]
      },
      "properties": {
        "feature_id": "GIS-260831-000256-LN",
        "feature_name": "airport-main-area",
        "address": "青岛市市南区香港中路78号",
        "geom_type": "Point",
        "center_point": [
          97.55889,
          33.979981
        ],
        "created_at": "2026-07-31T09:13:54.980031",
        "updated_at": "2026-08-26T02:41:54.980031"
      }
    },
    {
      "id": 2312663445188108176,
      "type": "Feature",
      "geometry": {
        "type": "Polygon",
        "coordinates": [
          [
            [
              88.009352,
              40.390652
            ],
            [
              114.602767,
              30.248895
            ],
            [
              121.425722,
              39.193001
            ],
            [
              103.964361,
              21.891381
            ],
            [
              88.009352,
              40.390652
            ]
          ]
        ]
      },
      "properties": {
        "feature_id": "GEO-260831-000257-SM",
        "feature_name": "airport-scenic",
        "address": "重庆市渝中区解放碑步行街",
        "geom_type": "Polygon",
        "center_point": [
          107.000551,
          32.930982
        ],
        "created_at": "2026-07-22T16:05:25.836747",
        "updated_at": "2026-08-20T13:44:25.836747"
      }
    },
    {
      "id": 7809715146459798017,
      "type": "Feature",
      "geometry": {
        "type": "Point",
        "coordinates": [
          92.208523,
          40.51219
        ]
      },
      "properties": {
        "feature_id": "FEAT-260831-000258-QZ",
        "feature_name": "road-underground",
        "address": "成都市武侯区天府大道北段1288号",
        "geom_type": "Point",
        "center_point": [
          92.208523,
          40.51219
        ],
        "created_at": "2025-09-21T09:03:54.582505",
        "updated_at": "2025-10-20T13:30:54.582505"
      }
    },
    {
      "id": 8799980246345165445,
      "type": "Feature",
      "geometry": {
        "type": "LineString",
        "coordinates": [
          [
            116.393825,
            36.434597
          ],
          [
            81.743393,
            49.371957
          ],
          [
            108.614779,
            47.129121
          ],
          [
            101.680947,
            18.534102
          ],
          [
            120.435772,
            52.784384
          ]
        ]
      },
      "properties": {
        "feature_id": "FEAT-260831-000259-SM",
        "feature_name": "tower-underground",
        "address": "青岛市市南区香港中路78号",
        "geom_type": "LineString",
        "center_point": [
          105.773743,
          40.850832
        ],
        "created_at": "2025-12-29T23:20:40.271148",
        "updated_at": "2025-12-30T09:56:40.271148"
      }
    },
    {
      "id": 919711659687071383,
      "type": "Feature",
      "geometry": {
        "type": "LineString",
        "coordinates": [
          [
            117.697604,
            32.669932
          ],
          [
            110.454072,
            32.361783
          ],
          [
            103.015805,
            44.211814
          ],
          [
            79.744784,
            39.000824
          ],
          [
            80.073897,
            6.110107
          ],
          [
            128.757312,
            22.487475
          ],
          [
            86.079251,
            36.936659
          ],
          [
            102.049373,
            7.094602
          ]
        ]
      },
      "properties": {
        "feature_id": "LAND-260831-000260-DK",
        "feature_name": "tunnel-elevated-terminal",
        "address": "西安市雁塔区雁塔南路88号",
        "geom_type": "LineString",
        "center_point": [
          100.984012,
          27.609149
        ],
        "created_at": "2026-03-18T15:36:04.040947",
        "updated_at": "2026-04-18T12:48:04.040947"
      }
    },
    {
      "id": 3348257020484454222,
      "type": "Feature",
      "geometry": {
        "type": "Point",
        "coordinates": [
          116.296474,
          3.194725
        ]
      },
      "properties": {
        "feature_id": "GIS-260831-000261-BA",
        "feature_name": "east-terminal",
        "address": "郑州市金水区金水路115号",
        "geom_type": "Point",
        "center_point": [
          116.296474,
          3.194725
        ],
        "created_at": "2026-07-08T12:06:01.587749",
        "updated_at": "2026-07-13T01:56:01.587749"
      }
    },
    {
      "id": 4478763500123423274,
      "type": "Feature",
      "geometry": {
        "type": "Point",
        "coordinates": [
          108.07126,
          30.849044
        ]
      },
      "properties": {
        "feature_id": "GIS-260831-000262-KY",
        "feature_name": "water-scenic-segment",
        "address": "武汉市江汉区解放大道1234号",
        "geom_type": "Point",
        "center_point": [
          108.07126,
          30.849044
        ],
        "created_at": "2025-11-27T17:49:05.756515",
        "updated_at": "2025-12-20T01:35:05.756515"
      }
    },
    {
      "id": 6241928936130679280,
      "type": "Feature",
      "geometry": {
        "type": "Point",
        "coordinates": [
          130.096299,
          48.549015
        ]
      },
      "properties": {
        "feature_id": "MAP-260831-000263-AC",
        "feature_name": "road-branch",
        "address": "大连市中山区人民路60号",
        "geom_type": "Point",
        "center_point": [
          130.096299,
          48.549015
        ],
        "created_at": "2026-07-25T09:57:35.692289",
        "updated_at": "2026-07-31T12:44:35.692289"
      }
    },
    {
      "id": 4008094764542153078,
      "type": "Feature",
      "geometry": {
        "type": "Point",
        "coordinates": [
          75.688371,
          5.05092
        ]
      },
      "properties": {
        "feature_id": "GIS-260831-000264-JA",
        "feature_name": "scenic-zone",
        "address": "武汉市江汉区解放大道1234号",
        "geom_type": "Point",
        "center_point": [
          75.688371,
          5.05092
        ],
        "created_at": "2026-05-10T14:32:38.520691",
        "updated_at": "2026-05-26T19:37:38.520691"
      }
    },
    {
      "id": 8394695534109309317,
      "type": "Feature",
      "geometry": {
        "type": "Point",
        "coordinates": [
          78.266087,
          52.25965
        ]
      },
      "properties": {
        "feature_id": "FEAT-260831-000265-ID",
        "feature_name": "square-branch",
        "address": "上海市浦东新区世纪大道100号",
        "geom_type": "Point",
        "center_point": [
          78.266087,
          52.25965
        ],
        "created_at": "2026-04-18T20:49:19.205030",
        "updated_at": "2026-04-21T22:00:19.205030"
      }
    },
    {
      "id": 8008064748655181695,
      "type": "Feature",
      "geometry": {
        "type": "Point",
        "coordinates": [
          114.879184,
          5.517117
        ]
      },
      "properties": {
        "feature_id": "FEAT-260831-000266-TJ",
        "feature_name": "west-segment",
        "address": "郑州市金水区金水路115号",
        "geom_type": "Point",
        "center_point": [
          114.879184,
          5.517117
        ],
        "created_at": "2026-03-20T12:41:47.211203",
        "updated_at": "2026-04-09T01:03:47.211203"
      }
    },
    {
      "id": 1185141187154889619,
      "type": "Feature",
      "geometry": {
        "type": "Point",
        "coordinates": [
          121.14711,
          53.241348
        ]
      },
      "properties": {
        "feature_id": "MAP-260831-000267-IH",
        "feature_name": "water-north-terminal",
        "address": "西安市雁塔区雁塔南路88号",
        "geom_type": "Point",
        "center_point": [
          121.14711,
          53.241348
        ],
        "created_at": "2025-11-06T05:37:00.675607",
        "updated_at": "2025-12-06T23:41:00.675607"
      }
    },
    {
      "id": 8217443427311455891,
      "type": "Feature",
      "geometry": {
        "type": "Point",
        "coordinates": [
          75.949917,
          20.344836
        ]
      },
      "properties": {
        "feature_id": "GEO-260831-000268-QQ",
        "feature_name": "central-area",
        "address": "广州市天河区天河路385号",
        "geom_type": "Point",
        "center_point": [
          75.949917,
          20.344836
        ],
        "created_at": "2026-01-11T14:21:59.021688",
        "updated_at": "2026-01-26T01:18:59.021688"
      }
    },
    {
      "id": 7141829834309616614,
      "type": "Feature",
      "geometry": {
        "type": "Point",
        "coordinates": [
          126.076712,
          25.721455
        ]
      },
      "properties": {
        "feature_id": "LAND-260831-000269-ST",
        "feature_name": "underground-section",
        "address": "西安市雁塔区雁塔南路88号",
        "geom_type": "Point",
        "center_point": [
          126.076712,
          25.721455
        ],
        "created_at": "2026-03-20T23:15:39.312685",
        "updated_at": "2026-04-20T18:25:39.312685"
      }
    },
    {
      "id": 7293244503068167962,
      "type": "Feature",
      "geometry": {
        "type": "Point",
        "coordinates": [
          99.585673,
          37.634225
        ]
      },
      "properties": {
        "feature_id": "MAP-260831-000270-GP",
        "feature_name": "branch-zone",
        "address": "北京市东城区长安街1号",
        "geom_type": "Point",
        "center_point": [
          99.585673,
          37.634225
        ],
        "created_at": "2025-12-11T03:15:46.472780",
        "updated_at": "2025-12-28T23:42:46.472780"
      }
    },
    {
      "id": 9021153848879477772,
      "type": "Feature",
      "geometry": {
        "type": "Point",
        "coordinates": [
          120.802656,
          50.367807
        ]
      },
      "properties": {
        "feature_id": "MAP-260831-000271-ND",
        "feature_name": "tunnel-scenic",
        "address": "重庆市渝中区解放碑步行街",
        "geom_type": "Point",
        "center_point": [
          120.802656,
          50.367807
        ],
        "created_at": "2026-02-12T15:08:43.076434",
        "updated_at": "2026-03-06T18:13:43.076434"
      }
    },
    {
      "id": 6635414847142892765,
      "type": "Feature",
      "geometry": {
        "type": "Point",
        "coordinates": [
          73.117058,
          53.009614
        ]
      },
      "properties": {
        "feature_id": "MAP-260831-000272-FV",
        "feature_name": "airport-branch",
        "address": "成都市武侯区天府大道北段1288号",
        "geom_type": "Point",
        "center_point": [
          73.117058,
          53.009614
        ],
        "created_at": "2025-12-21T05:26:45.269026",
        "updated_at": "2025-12-31T19:09:45.269026"
      }
    },
    {
      "id": 2998613331328535736,
      "type": "Feature",
      "geometry": {
        "type": "Point",
        "coordinates": [
          131.66116,
          8.133494
        ]
      },
      "properties": {
        "feature_id": "LAND-260831-000273-QT",
        "feature_name": "station-south",
        "address": "南京市玄武区中山路321号",
        "geom_type": "Point",
        "center_point": [
          131.66116,
          8.133494
        ],
        "created_at": "2026-01-08T14:48:14.240627",
        "updated_at": "2026-01-09T14:46:14.240627"
      }
    },
    {
      "id": 2798137823036986360,
      "type": "Feature",
      "geometry": {
        "type": "Point",
        "coordinates": [
          93.102338,
          38.68194
        ]
      },
      "properties": {
        "feature_id": "LAND-260831-000274-IQ",
        "feature_name": "branch-section",
        "address": "深圳市南山区科技园南区科苑路15号",
        "geom_type": "Point",
        "center_point": [
          93.102338,
          38.68194
        ],
        "created_at": "2025-09-20T06:56:11.045215",
        "updated_at": "2025-10-14T02:20:11.045215"
      }
    },
    {
      "id": 90819992891847094,
      "type": "Feature",
      "geometry": {
        "type": "Point",
        "coordinates": [
          110.951249,
          47.394844
        ]
      },
      "properties": {
        "feature_id": "LAND-260831-000275-PJ",
        "feature_name": "park-south-gate",
        "address": "武汉市江汉区解放大道1234号",
        "geom_type": "Point",
        "center_point": [
          110.951249,
          47.394844
        ],
        "created_at": "2026-08-28T17:58:31.951884",
        "updated_at": "2026-09-12T14:40:31.951884"
      }
    },
    {
      "id": 33441521128675765,
      "type": "Feature",
      "geometry": {
        "type": "Point",
        "coordinates": [
          120.348943,
          4.885742
        ]
      },
      "properties": {
        "feature_id": "MAP-260831-000276-MQ",
        "feature_name": "branch-gate",
        "address": "西安市雁塔区雁塔南路88号",
        "geom_type": "Point",
        "center_point": [
          120.348943,
          4.885742
        ],
        "created_at": "2025-12-21T21:14:21.761628",
        "updated_at": "2025-12-31T09:05:21.761628"
      }
    },
    {
      "id": 5502165174737642545,
      "type": "Feature",
      "geometry": {
        "type": "LineString",
        "coordinates": [
          [
            106.875079,
            39.442035
          ],
          [
            112.561516,
            4.372474
          ],
          [
            73.693464,
            25.831119
          ]
        ]
      },
      "properties": {
        "feature_id": "LAND-260831-000277-MI",
        "feature_name": "square-main",
        "address": "厦门市思明区湖滨南路99号",
        "geom_type": "LineString",
        "center_point": [
          97.71002,
          23.215209
        ],
        "created_at": "2026-02-18T08:58:44.564492",
        "updated_at": "2026-03-15T18:08:44.564492"
      }
    },
    {
      "id": 4116308375064883244,
      "type": "Feature",
      "geometry": {
        "type": "LineString",
        "coordinates": [
          [
            86.660233,
            19.994208
          ],
          [
            73.744812,
            27.814325
          ],
          [
            74.703142,
            19.878948
          ]
        ]
      },
      "properties": {
        "feature_id": "GEO-260831-000278-FS",
        "feature_name": "bridge-new",
        "address": "广州市天河区天河路385号",
        "geom_type": "LineString",
        "center_point": [
          78.369396,
          22.562494
        ],
        "created_at": "2026-01-20T20:50:20.408398",
        "updated_at": "2026-02-10T05:08:20.408398"
      }
    },
    {
      "id": 403386098849387915,
      "type": "Feature",
      "geometry": {
        "type": "Point",
        "coordinates": [
          75.724483,
          16.669036
        ]
      },
      "properties": {
        "feature_id": "GIS-260831-000279-NI",
        "feature_name": "road-scenic-segment",
        "address": "青岛市市南区香港中路78号",
        "geom_type": "Point",
        "center_point": [
          75.724483,
          16.669036
        ],
        "created_at": "2025-10-30T19:03:09.212217",
        "updated_at": "2025-11-26T01:18:09.212217"
      }
    },
    {
      "id": 4410860346562204576,
      "type": "Feature",
      "geometry": {
        "type": "LineString",
        "coordinates": [
          [
            95.261147,
            4.970176
          ],
          [
            80.444213,
            22.749779
          ],
          [
            116.073042,
            36.806945
          ],
          [
            110.300563,
            15.125847
          ],
          [
            86.86131,
            13.355862
          ],
          [
            74.252167,
            45.806977
          ],
          [
            77.240812,
            33.370474
          ]
        ]
      },
      "properties": {
        "feature_id": "GEO-260831-000280-EL",
        "feature_name": "east-terminal",
        "address": "重庆市渝中区解放碑步行街",
        "geom_type": "LineString",
        "center_point": [
          91.490465,
          24.598009
        ],
        "created_at": "2025-12-29T15:31:18.436723",
        "updated_at": "2026-01-27T13:31:18.436723"
      }
    },
    {
      "id": 5660608029133504868,
      "type": "Feature",
      "geometry": {
        "type": "Point",
        "coordinates": [
          118.416734,
          42.608042
        ]
      },
      "properties": {
        "feature_id": "MAP-260831-000281-HS",
        "feature_name": "tower-elevated-area",
        "address": "南京市玄武区中山路321号",
        "geom_type": "Point",
        "center_point": [
          118.416734,
          42.608042
        ],
        "created_at": "2026-04-22T23:05:12.645809",
        "updated_at": "2026-05-08T07:14:12.645809"
      }
    },
    {
      "id": 6227511607523248013,
      "type": "Feature",
      "geometry": {
        "type": "Point",
        "coordinates": [
          122.856561,
          15.688476
        ]
      },
      "properties": {
        "feature_id": "FEAT-260831-000282-KV",
        "feature_name": "building-branch",
        "address": "长沙市岳麓区岳麓大道233号",
        "geom_type": "Point",
        "center_point": [
          122.856561,
          15.688476
        ],
        "created_at": "2026-06-14T00:10:59.608013",
        "updated_at": "2026-07-04T08:01:59.608013"
      }
    },
    {
      "id": 5865942845923651834,
      "type": "Feature",
      "geometry": {
        "type": "LineString",
        "coordinates": [
          [
            107.513664,
            3.043903
          ],
          [
            77.131494,
            20.897484
          ],
          [
            83.374852,
            25.213695
          ],
          [
            124.995222,
            29.856494
          ]
        ]
      },
      "properties": {
        "feature_id": "FEAT-260831-000283-OA",
        "feature_name": "north-segment",
        "address": "北京市东城区长安街1号",
        "geom_type": "LineString",
        "center_point": [
          98.253808,
          19.752894
        ],
        "created_at": "2025-09-27T01:13:00.498189",
        "updated_at": "2025-10-19T13:13:00.498189"
      }
    },
    {
      "id": 4961993274829347869,
      "type": "Feature",
      "geometry": {
        "type": "Polygon",
        "coordinates": [
          [
            [
              90.14817,
              44.342859
            ],
            [
              126.589053,
              28.877174
            ],
            [
              108.224104,
              39.942995
            ],
            [
              102.601119,
              28.039532
            ],
            [
              99.640434,
              32.694976
            ],
            [
              73.273596,
              51.848925
            ],
            [
              90.14817,
              44.342859
            ]
          ]
        ]
      },
      "properties": {
        "feature_id": "GIS-260831-000284-LR",
        "feature_name": "harbor-underground-area",
        "address": "武汉市江汉区解放大道1234号",
        "geom_type": "Polygon",
        "center_point": [
          100.079413,
          37.62441
        ],
        "created_at": "2026-06-21T10:34:10.084589",
        "updated_at": "2026-06-26T03:11:10.084589"
      }
    },
    {
      "id": 9213210354861739467,
      "type": "Feature",
      "geometry": {
        "type": "Point",
        "coordinates": [
          83.548406,
          45.665622
        ]
      },
      "properties": {
        "feature_id": "GEO-260831-000285-KG",
        "feature_name": "water-new",
        "address": "上海市浦东新区世纪大道100号",
        "geom_type": "Point",
        "center_point": [
          83.548406,
          45.665622
        ],
        "created_at": "2025-12-19T12:06:21.410475",
        "updated_at": "2025-12-24T20:49:21.410475"
      }
    },
    {
      "id": 2988520520411401613,
      "type": "Feature",
      "geometry": {
        "type": "LineString",
        "coordinates": [
          [
            102.845666,
            47.739198
          ],
          [
            119.603938,
            14.675068
          ],
          [
            113.847286,
            6.219959
          ],
          [
            86.746807,
            23.169727
          ],
          [
            130.257321,
            29.215813
          ],
          [
            103.530893,
            18.184931
          ],
          [
            75.77484,
            12.790851
          ]
        ]
      },
      "properties": {
        "feature_id": "FEAT-260831-000286-XF",
        "feature_name": "building-scenic-section",
        "address": "深圳市南山区科技园南区科苑路15号",
        "geom_type": "LineString",
        "center_point": [
          104.658107,
          21.71365
        ],
        "created_at": "2026-08-27T16:53:02.202246",
        "updated_at": "2026-09-16T00:11:02.202246"
      }
    },
    {
      "id": 647928954002691411,
      "type": "Feature",
      "geometry": {
        "type": "LineString",
        "coordinates": [
          [
            129.311005,
            34.148994
          ],
          [
            97.068716,
            35.239848
          ],
          [
            112.72611,
            10.429755
          ],
          [
            84.420433,
            24.16639
          ],
          [
            88.320883,
            7.100958
          ],
          [
            95.369947,
            52.127803
          ]
        ]
      },
      "properties": {
        "feature_id": "GIS-260831-000287-RP",
        "feature_name": "station-underground",
        "address": "大连市中山区人民路60号",
        "geom_type": "LineString",
        "center_point": [
          101.202849,
          27.202291
        ],
        "created_at": "2026-05-19T20:39:30.020143",
        "updated_at": "2026-05-20T07:48:30.020143"
      }
    },
    {
      "id": 2500382107269419218,
      "type": "Feature",
      "geometry": {
        "type": "Point",
        "coordinates": [
          126.49628,
          32.100952
        ]
      },
      "properties": {
        "feature_id": "GEO-260831-000288-RE",
        "feature_name": "park-elevated",
        "address": "广州市天河区天河路385号",
        "geom_type": "Point",
        "center_point": [
          126.49628,
          32.100952
        ],
        "created_at": "2026-07-12T09:42:13.427000",
        "updated_at": "2026-08-11T12:28:13.427000"
      }
    },
    {
      "id": 5900936894792787120,
      "type": "Feature",
      "geometry": {
        "type": "LineString",
        "coordinates": [
          [
            131.404743,
            23.512069
          ],
          [
            84.865078,
            18.130219
          ],
          [
            95.677578,
            34.209266
          ],
          [
            99.200661,
            51.34636
          ],
          [
            109.426698,
            53.400641
          ],
          [
            121.884054,
            15.933474
          ]
        ]
      },
      "properties": {
        "feature_id": "FEAT-260831-000289-NS",
        "feature_name": "tower-old-terminal",
        "address": "上海市浦东新区世纪大道100号",
        "geom_type": "LineString",
        "center_point": [
          107.076469,
          32.755338
        ],
        "created_at": "2026-06-16T16:11:14.585036",
        "updated_at": "2026-06-21T01:26:14.585036"
      }
    },
    {
      "id": 4085146409213921167,
      "type": "Feature",
      "geometry": {
        "type": "Point",
        "coordinates": [
          122.83856,
          27.383822
        ]
      },
      "properties": {
        "feature_id": "GEO-260831-000290-EL",
        "feature_name": "building-central-section",
        "address": "深圳市南山区科技园南区科苑路15号",
        "geom_type": "Point",
        "center_point": [
          122.83856,
          27.383822
        ],
        "created_at": "2025-12-19T09:37:12.202831",
        "updated_at": "2025-12-19T21:39:12.202831"
      }
    },
    {
      "id": 7912746454908633652,
      "type": "Feature",
      "geometry": {
        "type": "Point",
        "coordinates": [
          81.666746,
          32.870981
        ]
      },
      "properties": {
        "feature_id": "LAND-260831-000291-ET",
        "feature_name": "east-gate",
        "address": "青岛市市南区香港中路78号",
        "geom_type": "Point",
        "center_point": [
          81.666746,
          32.870981
        ],
        "created_at": "2025-12-08T21:57:43.955911",
        "updated_at": "2025-12-19T00:13:43.955911"
      }
    },
    {
      "id": 3104733129264233940,
      "type": "Feature",
      "geometry": {
        "type": "LineString",
        "coordinates": [
          [
            80.911025,
            21.724327
          ],
          [
            124.446723,
            9.534554
          ],
          [
            109.000169,
            42.583206
          ],
          [
            123.348718,
            20.008865
          ],
          [
            97.398459,
            34.855911
          ],
          [
            86.816946,
            36.992072
          ]
        ]
      },
      "properties": {
        "feature_id": "GEO-260831-000292-OA",
        "feature_name": "water-new-area",
        "address": "南京市玄武区中山路321号",
        "geom_type": "LineString",
        "center_point": [
          103.653673,
          27.616489
        ],
        "created_at": "2025-09-24T23:43:35.056391",
        "updated_at": "2025-10-13T15:38:35.056391"
      }
    },
    {
      "id": 6397685640897181872,
      "type": "Feature",
      "geometry": {
        "type": "Point",
        "coordinates": [
          124.628002,
          29.527971
        ]
      },
      "properties": {
        "feature_id": "LAND-260831-000293-XA",
        "feature_name": "old-area",
        "address": "武汉市江汉区解放大道1234号",
        "geom_type": "Point",
        "center_point": [
          124.628002,
          29.527971
        ],
        "created_at": "2026-07-22T23:59:09.939145",
        "updated_at": "2026-08-06T07:47:09.939145"
      }
    },
    {
      "id": 1127241643452134909,
      "type": "Feature",
      "geometry": {
        "type": "LineString",
        "coordinates": [
          [
            77.537076,
            29.777409
          ],
          [
            123.435096,
            35.284446
          ],
          [
            92.093528,
            36.436799
          ],
          [
            125.229825,
            34.267718
          ],
          [
            77.572361,
            47.834479
          ],
          [
            80.686934,
            14.912436
          ],
          [
            78.735223,
            23.515473
          ]
        ]
      },
      "properties": {
        "feature_id": "GEO-260831-000294-OR",
        "feature_name": "tower-new-gate",
        "address": "广州市天河区天河路385号",
        "geom_type": "LineString",
        "center_point": [
          93.612863,
          31.718394
        ],
        "created_at": "2026-07-01T19:40:27.762311",
        "updated_at": "2026-07-29T07:24:27.762311"
      }
    },
    {
      "id": 2086276406867609507,
      "type": "Feature",
      "geometry": {
        "type": "LineString",
        "coordinates": [
          [
            124.989685,
            28.307215
          ],
          [
            107.862489,
            22.475856
          ],
          [
            127.940666,
            37.194668
          ],
          [
            120.080446,
            43.322309
          ],
          [
            80.666552,
            53.456393
          ],
          [
            120.651904,
            23.296659
          ],
          [
            95.103156,
            13.259317
          ],
          [
            83.347219,
            53.7336
          ]
        ]
      },
      "properties": {
        "feature_id": "MAP-260831-000295-KA",
        "feature_name": "road-south",
        "address": "厦门市思明区湖滨南路99号",
        "geom_type": "LineString",
        "center_point": [
          107.580265,
          34.380752
        ],
        "created_at": "2026-02-18T11:40:41.147171",
        "updated_at": "2026-02-26T23:01:41.147171"
      }
    },
    {
      "id": 3868974025779977696,
      "type": "Feature",
      "geometry": {
        "type": "Polygon",
        "coordinates": [
          [
            [
              89.2971,
              12.072576
            ],
            [
              113.935046,
              37.283757
            ],
            [
              80.160706,
              33.643941
            ],
            [
              128.722868,
              52.987509
            ],
            [
              89.2971,
              12.072576
            ]
          ]
        ]
      },
      "properties": {
        "feature_id": "LAND-260831-000296-PM",
        "feature_name": "water-central",
        "address": "郑州市金水区金水路115号",
        "geom_type": "Polygon",
        "center_point": [
          103.02893,
          33.996946
        ],
        "created_at": "2025-11-11T15:27:46.883786",
        "updated_at": "2025-12-09T23:14:46.883786"
      }
    },
    {
      "id": 2225760057221961175,
      "type": "Feature",
      "geometry": {
        "type": "Point",
        "coordinates": [
          94.82751,
          16.702081
        ]
      },
      "properties": {
        "feature_id": "GIS-260831-000297-HS",
        "feature_name": "park-scenic",
        "address": "南京市玄武区中山路321号",
        "geom_type": "Point",
        "center_point": [
          94.82751,
          16.702081
        ],
        "created_at": "2026-03-14T04:10:43.649784",
        "updated_at": "2026-03-31T17:47:43.649784"
      }
    },
    {
      "id": 5749947731661304810,
      "type": "Feature",
      "geometry": {
        "type": "LineString",
        "coordinates": [
          [
            118.512482,
            8.137498
          ],
          [
            82.157947,
            8.850125
          ],
          [
            117.344652,
            8.523304
          ],
          [
            105.210231,
            23.179489
          ]
        ]
      },
      "properties": {
        "feature_id": "FEAT-260831-000298-PX",
        "feature_name": "tunnel-east-zone",
        "address": "武汉市江汉区解放大道1234号",
        "geom_type": "LineString",
        "center_point": [
          105.806328,
          12.172604
        ],
        "created_at": "2026-02-23T07:35:58.298274",
        "updated_at": "2026-03-06T04:56:58.298274"
      }
    },
    {
      "id": 4102201725591882883,
      "type": "Feature",
      "geometry": {
        "type": "Point",
        "coordinates": [
          119.578833,
          45.793842
        ]
      },
      "properties": {
        "feature_id": "GEO-260831-000299-ZN",
        "feature_name": "main-zone",
        "address": "大连市中山区人民路60号",
        "geom_type": "Point",
        "center_point": [
          119.578833,
          45.793842
        ],
        "created_at": "2026-02-28T10:35:17.329511",
        "updated_at": "2026-03-22T10:56:17.329511"
      }
    },
    {
      "id": 4204682450456039320,
      "type": "Feature",
      "geometry": {
        "type": "LineString",
        "coordinates": [
          [
            117.510483,
            52.877042
          ],
          [
            82.856047,
            44.161689
          ],
          [
            127.969957,
            35.19194
          ],
          [
            110.751306,
            8.105307
          ],
          [
            88.2904,
            39.900983
          ]
        ]
      },
      "properties": {
        "feature_id": "GIS-260831-000300-TG",
        "feature_name": "square-north-terminal",
        "address": "成都市武侯区天府大道北段1288号",
        "geom_type": "LineString",
        "center_point": [
          105.475639,
          36.047392
        ],
        "created_at": "2026-03-18T08:12:45.844287",
        "updated_at": "2026-03-24T11:15:45.844287"
      }
    },
    {
      "id": 5609489486986336728,
      "type": "Feature",
      "geometry": {
        "type": "Polygon",
        "coordinates": [
          [
            [
              92.093394,
              52.239248
            ],
            [
              108.810664,
              26.118049
            ],
            [
              104.802274,
              40.019827
            ],
            [
              107.244753,
              23.756621
            ],
            [
              134.812106,
              41.500502
            ],
            [
              79.592588,
              37.212826
            ],
            [
              97.212274,
              47.286762
            ],
            [
              134.33175,
              28.138093
            ],
            [
              92.093394,
              52.239248
            ]
          ]
        ]
      },
      "properties": {
        "feature_id": "GIS-260831-000301-EG",
        "feature_name": "square-west-zone",
        "address": "深圳市南山区科技园南区科苑路15号",
        "geom_type": "Polygon",
        "center_point": [
          107.362475,
          37.033991
        ],
        "created_at": "2025-09-24T20:36:36.954555",
        "updated_at": "2025-09-29T05:38:36.954555"
      }
    },
    {
      "id": 1980730809449180041,
      "type": "Feature",
      "geometry": {
        "type": "Point",
        "coordinates": [
          105.527211,
          6.938765
        ]
      },
      "properties": {
        "feature_id": "FEAT-260831-000302-IE",
        "feature_name": "old-section",
        "address": "郑州市金水区金水路115号",
        "geom_type": "Point",
        "center_point": [
          105.527211,
          6.938765
        ],
        "created_at": "2026-01-13T23:51:09.519105",
        "updated_at": "2026-02-13T05:55:09.519105"
      }
    },
    {
      "id": 3078210898573421359,
      "type": "Feature",
      "geometry": {
        "type": "Polygon",
        "coordinates": [
          [
            [
              127.704977,
              6.085572
            ],
            [
              86.631912,
              46.700572
            ],
            [
              124.97331,
              43.281032
            ],
            [
              130.160162,
              35.181372
            ],
            [
              99.934181,
              36.816268
            ],
            [
              83.620323,
              17.199874
            ],
            [
              127.704977,
              6.085572
            ]
          ]
        ]
      },
      "properties": {
        "feature_id": "MAP-260831-000303-LU",
        "feature_name": "road-scenic-zone",
        "address": "大连市中山区人民路60号",
        "geom_type": "Polygon",
        "center_point": [
          108.837477,
          30.877448
        ],
        "created_at": "2026-06-14T13:39:23.053492",
        "updated_at": "2026-06-16T10:38:23.053492"
      }
    },
    {
      "id": 7608058783237953290,
      "type": "Feature",
      "geometry": {
        "type": "Point",
        "coordinates": [
          123.006992,
          18.929985
        ]
      },
      "properties": {
        "feature_id": "LAND-260831-000304-KK",
        "feature_name": "new-area",
        "address": "成都市武侯区天府大道北段1288号",
        "geom_type": "Point",
        "center_point": [
          123.006992,
          18.929985
        ],
        "created_at": "2025-10-04T15:00:46.417568",
        "updated_at": "2025-10-06T08:43:46.417568"
      }
    },
    {
      "id": 4872631843197122937,
      "type": "Feature",
      "geometry": {
        "type": "Point",
        "coordinates": [
          96.12289,
          10.862734
        ]
      },
      "properties": {
        "feature_id": "GIS-260831-000305-DZ",
        "feature_name": "harbor-south-gate",
        "address": "北京市东城区长安街1号",
        "geom_type": "Point",
        "center_point": [
          96.12289,
          10.862734
        ],
        "created_at": "2025-09-19T02:48:27.744205",
        "updated_at": "2025-09-26T16:30:27.744205"
      }
    },
    {
      "id": 7028766663425062005,
      "type": "Feature",
      "geometry": {
        "type": "Point",
        "coordinates": [
          115.668078,
          17.248269
        ]
      },
      "properties": {
        "feature_id": "LAND-260831-000306-LP",
        "feature_name": "north-gate",
        "address": "武汉市江汉区解放大道1234号",
        "geom_type": "Point",
        "center_point": [
          115.668078,
          17.248269
        ],
        "created_at": "2026-08-24T15:08:39.067498",
        "updated_at": "2026-09-03T14:06:39.067498"
      }
    },
    {
      "id": 3442287223815129160,
      "type": "Feature",
      "geometry": {
        "type": "LineString",
        "coordinates": [
          [
            120.530265,
            37.020227
          ],
          [
            100.938766,
            36.610756
          ],
          [
            110.801406,
            15.039889
          ],
          [
            121.236958,
            39.562379
          ],
          [
            73.483359,
            31.937399
          ],
          [
            108.753084,
            23.502483
          ],
          [
            99.776895,
            10.699159
          ]
        ]
      },
      "properties": {
        "feature_id": "LAND-260831-000307-US",
        "feature_name": "bridge-south",
        "address": "上海市浦东新区世纪大道100号",
        "geom_type": "LineString",
        "center_point": [
          105.07439,
          27.76747
        ],
        "created_at": "2026-02-02T11:53:13.686005",
        "updated_at": "2026-02-07T03:21:13.686005"
      }
    },
    {
      "id": 8486792730957854872,
      "type": "Feature",
      "geometry": {
        "type": "Point",
        "coordinates": [
          99.990285,
          47.70329
        ]
      },
      "properties": {
        "feature_id": "LAND-260831-000308-WX",
        "feature_name": "station-central-gate",
        "address": "西安市雁塔区雁塔南路88号",
        "geom_type": "Point",
        "center_point": [
          99.990285,
          47.70329
        ],
        "created_at": "2026-05-21T03:56:27.837993",
        "updated_at": "2026-05-23T15:10:27.837993"
      }
    },
    {
      "id": 8023407044650938727,
      "type": "Feature",
      "geometry": {
        "type": "Point",
        "coordinates": [
          98.254275,
          45.98735
        ]
      },
      "properties": {
        "feature_id": "FEAT-260831-000309-OE",
        "feature_name": "water-central",
        "address": "杭州市西湖区文三路18号",
        "geom_type": "Point",
        "center_point": [
          98.254275,
          45.98735
        ],
        "created_at": "2026-03-22T11:24:17.963696",
        "updated_at": "2026-04-13T23:51:17.963696"
      }
    },
    {
      "id": 4390092065544959999,
      "type": "Feature",
      "geometry": {
        "type": "Polygon",
        "coordinates": [
          [
            [
              120.640063,
              32.781831
            ],
            [
              100.357175,
              16.740391
            ],
            [
              113.745391,
              31.838408
            ],
            [
              125.436843,
              37.546012
            ],
            [
              91.547413,
              21.959901
            ],
            [
              97.328277,
              49.600876
            ],
            [
              75.103833,
              44.664304
            ],
            [
              104.634761,
              5.600901
            ],
            [
              120.640063,
              32.781831
            ]
          ]
        ]
      },
      "properties": {
        "feature_id": "FEAT-260831-000310-SC",
        "feature_name": "tower-north",
        "address": "南京市玄武区中山路321号",
        "geom_type": "Polygon",
        "center_point": [
          103.59922,
          30.091578
        ],
        "created_at": "2026-06-30T07:34:14.918205",
        "updated_at": "2026-07-25T08:46:14.918205"
      }
    },
    {
      "id": 3783295137778810753,
      "type": "Feature",
      "geometry": {
        "type": "LineString",
        "coordinates": [
          [
            114.833067,
            53.73621
          ],
          [
            115.415122,
            33.005519
          ],
          [
            106.669065,
            32.914569
          ],
          [
            78.014545,
            24.925286
          ]
        ]
      },
      "properties": {
        "feature_id": "MAP-260831-000311-FQ",
        "feature_name": "road-west",
        "address": "重庆市渝中区解放碑步行街",
        "geom_type": "LineString",
        "center_point": [
          103.73295,
          36.145396
        ],
        "created_at": "2026-02-08T08:13:06.713516",
        "updated_at": "2026-02-26T16:05:06.713516"
      }
    },
    {
      "id": 2037100945371296958,
      "type": "Feature",
      "geometry": {
        "type": "Point",
        "coordinates": [
          109.323941,
          20.809601
        ]
      },
      "properties": {
        "feature_id": "LAND-260831-000312-CE",
        "feature_name": "west-gate",
        "address": "杭州市西湖区文三路18号",
        "geom_type": "Point",
        "center_point": [
          109.323941,
          20.809601
        ],
        "created_at": "2026-01-04T21:12:53.002859",
        "updated_at": "2026-01-14T22:51:53.002859"
      }
    },
    {
      "id": 1889046227760936293,
      "type": "Feature",
      "geometry": {
        "type": "LineString",
        "coordinates": [
          [
            76.627323,
            28.375164
          ],
          [
            98.491154,
            43.325143
          ],
          [
            128.417573,
            46.491896
          ],
          [
            99.49636,
            41.506245
          ],
          [
            106.611405,
            10.541916
          ],
          [
            81.94279,
            18.202586
          ],
          [
            106.436726,
            30.601399
          ]
        ]
      },
      "properties": {
        "feature_id": "FEAT-260831-000313-GD",
        "feature_name": "station-new",
        "address": "厦门市思明区湖滨南路99号",
        "geom_type": "LineString",
        "center_point": [
          99.717619,
          31.29205
        ],
        "created_at": "2026-04-13T15:48:12.123329",
        "updated_at": "2026-04-22T04:48:12.123329"
      }
    },
    {
      "id": 267361827878014244,
      "type": "Feature",
      "geometry": {
        "type": "LineString",
        "coordinates": [
          [
            88.238083,
            50.215303
          ],
          [
            90.203903,
            10.359348
          ],
          [
            94.828865,
            40.386155
          ],
          [
            73.945258,
            42.624415
          ],
          [
            120.672007,
            5.718507
          ],
          [
            84.542574,
            10.601438
          ],
          [
            120.575621,
            20.357162
          ]
        ]
      },
      "properties": {
        "feature_id": "FEAT-260831-000314-BJ",
        "feature_name": "old-zone",
        "address": "大连市中山区人民路60号",
        "geom_type": "LineString",
        "center_point": [
          96.143759,
          25.751761
        ],
        "created_at": "2026-05-19T16:42:01.854137",
        "updated_at": "2026-05-29T06:31:01.854137"
      }
    },
    {
      "id": 2881072519227042472,
      "type": "Feature",
      "geometry": {
        "type": "LineString",
        "coordinates": [
          [
            77.597097,
            24.158014
          ],
          [
            101.010752,
            6.476481
          ],
          [
            94.936509,
            36.048665
          ],
          [
            76.080384,
            17.839397
          ],
          [
            91.049629,
            36.245262
          ],
          [
            75.667718,
            15.234697
          ],
          [
            90.570601,
            7.908567
          ]
        ]
      },
      "properties": {
        "feature_id": "GEO-260831-000315-XW",
        "feature_name": "new-gate",
        "address": "重庆市渝中区解放碑步行街",
        "geom_type": "LineString",
        "center_point": [
          86.701813,
          20.558726
        ],
        "created_at": "2026-04-04T00:51:23.328621",
        "updated_at": "2026-05-01T21:30:23.328621"
      }
    },
    {
      "id": 6486109628420248310,
      "type": "Feature",
      "geometry": {
        "type": "Polygon",
        "coordinates": [
          [
            [
              119.395364,
              31.889541
            ],
            [
              117.632947,
              31.048552
            ],
            [
              134.598818,
              35.924451
            ],
            [
              87.22736,
              38.6656
            ],
            [
              95.822572,
              50.094779
            ],
            [
              103.054476,
              43.481523
            ],
            [
              103.868577,
              36.665289
            ],
            [
              76.441258,
              45.047068
            ],
            [
              119.395364,
              31.889541
            ]
          ]
        ]
      },
      "properties": {
        "feature_id": "GIS-260831-000316-FR",
        "feature_name": "main-gate",
        "address": "南京市玄武区中山路321号",
        "geom_type": "Polygon",
        "center_point": [
          104.755171,
          39.1021
        ],
        "created_at": "2026-03-09T02:47:05.030497",
        "updated_at": "2026-03-23T00:50:05.030497"
      }
    },
    {
      "id": 571127621913966894,
      "type": "Feature",
      "geometry": {
        "type": "LineString",
        "coordinates": [
          [
            84.563149,
            53.843048
          ],
          [
            110.189998,
            40.479597
          ],
          [
            118.472036,
            18.949947
          ],
          [
            102.575038,
            38.600188
          ],
          [
            90.602482,
            39.701584
          ]
        ]
      },
      "properties": {
        "feature_id": "GIS-260831-000317-AJ",
        "feature_name": "water-main",
        "address": "南京市玄武区中山路321号",
        "geom_type": "LineString",
        "center_point": [
          101.280541,
          38.314873
        ],
        "created_at": "2025-12-21T07:11:26.117201",
        "updated_at": "2026-01-16T01:10:26.117201"
      }
    },
    {
      "id": 7193535634381864561,
      "type": "Feature",
      "geometry": {
        "type": "LineString",
        "coordinates": [
          [
            113.288443,
            47.266851
          ],
          [
            83.462685,
            13.926593
          ],
          [
            86.516549,
            33.440646
          ],
          [
            77.723817,
            53.112647
          ],
          [
            106.105357,
            36.281913
          ]
        ]
      },
      "properties": {
        "feature_id": "GEO-260831-000318-OO",
        "feature_name": "airport-scenic-terminal",
        "address": "郑州市金水区金水路115号",
        "geom_type": "LineString",
        "center_point": [
          93.41937,
          36.80573
        ],
        "created_at": "2025-12-02T08:28:31.730710",
        "updated_at": "2025-12-23T03:04:31.730710"
      }
    },
    {
      "id": 854360756543947686,
      "type": "Feature",
      "geometry": {
        "type": "LineString",
        "coordinates": [
          [
            120.373072,
            3.465909
          ],
          [
            128.76001,
            8.20794
          ],
          [
            118.38516,
            22.926123
          ],
          [
            109.731807,
            51.429468
          ]
        ]
      },
      "properties": {
        "feature_id": "GEO-260831-000319-ZK",
        "feature_name": "underground-segment",
        "address": "深圳市南山区科技园南区科苑路15号",
        "geom_type": "LineString",
        "center_point": [
          119.312512,
          21.50736
        ],
        "created_at": "2026-06-16T20:10:58.940705",
        "updated_at": "2026-06-27T02:48:58.940705"
      }
    },
    {
      "id": 6632907382084561302,
      "type": "Feature",
      "geometry": {
        "type": "Polygon",
        "coordinates": [
          [
            [
              120.89455,
              33.886871
            ],
            [
              129.125026,
              4.303494
            ],
            [
              128.620667,
              46.118151
            ],
            [
              91.30494,
              7.438732
            ],
            [
              117.15973,
              49.124632
            ],
            [
              104.738118,
              23.520148
            ],
            [
              120.89455,
              33.886871
            ]
          ]
        ]
      },
      "properties": {
        "feature_id": "MAP-260831-000320-JK",
        "feature_name": "bridge-old",
        "address": "武汉市江汉区解放大道1234号",
        "geom_type": "Polygon",
        "center_point": [
          115.307172,
          27.398671
        ],
        "created_at": "2026-04-28T04:43:03.949603",
        "updated_at": "2026-05-08T07:53:03.949603"
      }
    },
    {
      "id": 762417354755978960,
      "type": "Feature",
      "geometry": {
        "type": "Point",
        "coordinates": [
          116.89062,
          43.382401
        ]
      },
      "properties": {
        "feature_id": "MAP-260831-000321-NN",
        "feature_name": "park-old-zone",
        "address": "长沙市岳麓区岳麓大道233号",
        "geom_type": "Point",
        "center_point": [
          116.89062,
          43.382401
        ],
        "created_at": "2026-04-22T13:59:57.443724",
        "updated_at": "2026-05-08T00:19:57.443724"
      }
    },
    {
      "id": 7535124896380820188,
      "type": "Feature",
      "geometry": {
        "type": "LineString",
        "coordinates": [
          [
            131.659925,
            22.392167
          ],
          [
            101.686012,
            9.760711
          ],
          [
            118.540182,
            25.387531
          ],
          [
            120.523397,
            34.688038
          ],
          [
            124.439097,
            4.958075
          ],
          [
            75.154906,
            10.56438
          ],
          [
            79.167695,
            6.263276
          ],
          [
            88.341162,
            48.101174
          ]
        ]
      },
      "properties": {
        "feature_id": "GEO-260831-000322-LA",
        "feature_name": "water-north",
        "address": "青岛市市南区香港中路78号",
        "geom_type": "LineString",
        "center_point": [
          104.939047,
          20.264419
        ],
        "created_at": "2026-01-13T12:24:41.151287",
        "updated_at": "2026-01-28T00:01:41.151287"
      }
    },
    {
      "id": 8419171084281551324,
      "type": "Feature",
      "geometry": {
        "type": "Point",
        "coordinates": [
          105.23823,
          25.484025
        ]
      },
      "properties": {
        "feature_id": "FEAT-260831-000323-VH",
        "feature_name": "station-elevated-section",
        "address": "武汉市江汉区解放大道1234号",
        "geom_type": "Point",
        "center_point": [
          105.23823,
          25.484025
        ],
        "created_at": "2025-12-06T04:42:30.688047",
        "updated_at": "2025-12-19T08:50:30.688047"
      }
    },
    {
      "id": 2659009638402739615,
      "type": "Feature",
      "geometry": {
        "type": "Point",
        "coordinates": [
          133.313152,
          45.318971
        ]
      },
      "properties": {
        "feature_id": "LAND-260831-000324-VV",
        "feature_name": "north-gate",
        "address": "上海市浦东新区世纪大道100号",
        "geom_type": "Point",
        "center_point": [
          133.313152,
          45.318971
        ],
        "created_at": "2025-09-01T15:05:38.535055",
        "updated_at": "2025-10-01T12:44:38.535055"
      }
    },
    {
      "id": 6624175594871899991,
      "type": "Feature",
      "geometry": {
        "type": "Point",
        "coordinates": [
          123.499035,
          30.372423
        ]
      },
      "properties": {
        "feature_id": "LAND-260831-000325-VW",
        "feature_name": "west-segment",
        "address": "西安市雁塔区雁塔南路88号",
        "geom_type": "Point",
        "center_point": [
          123.499035,
          30.372423
        ],
        "created_at": "2025-12-19T06:01:20.479855",
        "updated_at": "2026-01-02T10:09:20.479855"
      }
    },
    {
      "id": 3447617623892445749,
      "type": "Feature",
      "geometry": {
        "type": "Point",
        "coordinates": [
          127.295587,
          22.808571
        ]
      },
      "properties": {
        "feature_id": "GIS-260831-000326-KL",
        "feature_name": "square-old-gate",
        "address": "深圳市南山区科技园南区科苑路15号",
        "geom_type": "Point",
        "center_point": [
          127.295587,
          22.808571
        ],
        "created_at": "2025-09-03T03:56:41.501903",
        "updated_at": "2025-09-03T14:35:41.501903"
      }
    },
    {
      "id": 2101194438402747753,
      "type": "Feature",
      "geometry": {
        "type": "LineString",
        "coordinates": [
          [
            81.868047,
            9.645781
          ],
          [
            80.865924,
            44.4944
          ],
          [
            99.313513,
            27.231543
          ]
        ]
      },
      "properties": {
        "feature_id": "FEAT-260831-000327-LZ",
        "feature_name": "dam-scenic-terminal",
        "address": "深圳市南山区科技园南区科苑路15号",
        "geom_type": "LineString",
        "center_point": [
          87.349161,
          27.123908
        ],
        "created_at": "2025-10-20T11:49:46.099126",
        "updated_at": "2025-11-16T12:04:46.099126"
      }
    },
    {
      "id": 1413302757807720344,
      "type": "Feature",
      "geometry": {
        "type": "LineString",
        "coordinates": [
          [
            123.028208,
            50.478727
          ],
          [
            93.970117,
            25.640406
          ],
          [
            82.46889,
            30.287252
          ],
          [
            99.543474,
            28.798811
          ],
          [
            99.566847,
            35.825159
          ]
        ]
      },
      "properties": {
        "feature_id": "LAND-260831-000328-RB",
        "feature_name": "main-zone",
        "address": "西安市雁塔区雁塔南路88号",
        "geom_type": "LineString",
        "center_point": [
          99.715507,
          34.206071
        ],
        "created_at": "2025-10-28T10:46:10.327655",
        "updated_at": "2025-11-03T19:23:10.327655"
      }
    },
    {
      "id": 1959534395693586326,
      "type": "Feature",
      "geometry": {
        "type": "Point",
        "coordinates": [
          118.321537,
          34.259458
        ]
      },
      "properties": {
        "feature_id": "GIS-260831-000329-GK",
        "feature_name": "airport-underground",
        "address": "厦门市思明区湖滨南路99号",
        "geom_type": "Point",
        "center_point": [
          118.321537,
          34.259458
        ],
        "created_at": "2025-08-31T14:22:30.438974",
        "updated_at": "2025-09-27T03:42:30.438974"
      }
    },
    {
      "id": 868551075094114794,
      "type": "Feature",
      "geometry": {
        "type": "LineString",
        "coordinates": [
          [
            133.280354,
            49.995792
          ],
          [
            79.401515,
            17.69363
          ],
          [
            106.080919,
            6.109772
          ],
          [
            133.878492,
            45.100233
          ]
        ]
      },
      "properties": {
        "feature_id": "FEAT-260831-000330-VR",
        "feature_name": "building-underground",
        "address": "南京市玄武区中山路321号",
        "geom_type": "LineString",
        "center_point": [
          113.16032,
          29.724857
        ],
        "created_at": "2026-03-04T20:18:53.428791",
        "updated_at": "2026-03-23T12:38:53.428791"
      }
    },
    {
      "id": 4106039339713256789,
      "type": "Feature",
      "geometry": {
        "type": "Polygon",
        "coordinates": [
          [
            [
              89.480038,
              21.39844
            ],
            [
              113.72238,
              40.704034
            ],
            [
              125.864876,
              45.300969
            ],
            [
              128.472525,
              36.996076
            ],
            [
              114.942169,
              44.697993
            ],
            [
              90.014395,
              48.878435
            ],
            [
              122.27912,
              15.360007
            ],
            [
              89.480038,
              21.39844
            ]
          ]
        ]
      },
      "properties": {
        "feature_id": "FEAT-260831-000331-BW",
        "feature_name": "old-segment",
        "address": "北京市东城区长安街1号",
        "geom_type": "Polygon",
        "center_point": [
          112.110786,
          36.190851
        ],
        "created_at": "2026-04-17T09:58:47.500257",
        "updated_at": "2026-04-26T02:29:47.500257"
      }
    },
    {
      "id": 7236823119057875222,
      "type": "Feature",
      "geometry": {
        "type": "Point",
        "coordinates": [
          84.357909,
          21.107795
        ]
      },
      "properties": {
        "feature_id": "FEAT-260831-000332-ZM",
        "feature_name": "building-scenic-section",
        "address": "武汉市江汉区解放大道1234号",
        "geom_type": "Point",
        "center_point": [
          84.357909,
          21.107795
        ],
        "created_at": "2026-05-12T07:46:44.282872",
        "updated_at": "2026-06-04T11:30:44.282872"
      }
    },
    {
      "id": 2324529553176847794,
      "type": "Feature",
      "geometry": {
        "type": "LineString",
        "coordinates": [
          [
            109.426018,
            49.225454
          ],
          [
            126.014083,
            45.003403
          ],
          [
            89.780158,
            9.274047
          ],
          [
            123.88195,
            5.234598
          ]
        ]
      },
      "properties": {
        "feature_id": "LAND-260831-000333-YC",
        "feature_name": "underground-gate",
        "address": "青岛市市南区香港中路78号",
        "geom_type": "LineString",
        "center_point": [
          112.275552,
          27.184376
        ],
        "created_at": "2026-03-01T22:59:01.313545",
        "updated_at": "2026-03-26T01:26:01.313545"
      }
    },
    {
      "id": 6162964945760124690,
      "type": "Feature",
      "geometry": {
        "type": "Point",
        "coordinates": [
          102.032519,
          25.816151
        ]
      },
      "properties": {
        "feature_id": "LAND-260831-000334-AJ",
        "feature_name": "north-gate",
        "address": "北京市东城区长安街1号",
        "geom_type": "Point",
        "center_point": [
          102.032519,
          25.816151
        ],
        "created_at": "2026-01-11T11:14:39.188106",
        "updated_at": "2026-01-17T12:23:39.188106"
      }
    },
    {
      "id": 8327307554174761041,
      "type": "Feature",
      "geometry": {
        "type": "LineString",
        "coordinates": [
          [
            133.380061,
            47.543407
          ],
          [
            79.071089,
            26.934104
          ],
          [
            132.937045,
            46.078643
          ],
          [
            103.070966,
            24.31604
          ],
          [
            88.671485,
            27.649132
          ],
          [
            131.902803,
            52.245422
          ],
          [
            83.960834,
            40.187002
          ]
        ]
      },
      "properties": {
        "feature_id": "FEAT-260831-000335-QW",
        "feature_name": "underground-terminal",
        "address": "成都市武侯区天府大道北段1288号",
        "geom_type": "LineString",
        "center_point": [
          107.570612,
          37.850536
        ],
        "created_at": "2025-09-09T09:31:08.179498",
        "updated_at": "2025-09-18T10:29:08.179498"
      }
    },
    {
      "id": 3490504831564599724,
      "type": "Feature",
      "geometry": {
        "type": "Point",
        "coordinates": [
          100.102367,
          16.279898
        ]
      },
      "properties": {
        "feature_id": "GEO-260831-000336-MD",
        "feature_name": "airport-branch",
        "address": "青岛市市南区香港中路78号",
        "geom_type": "Point",
        "center_point": [
          100.102367,
          16.279898
        ],
        "created_at": "2026-01-23T00:06:34.104210",
        "updated_at": "2026-01-30T00:09:34.104210"
      }
    },
    {
      "id": 8967305294855415304,
      "type": "Feature",
      "geometry": {
        "type": "LineString",
        "coordinates": [
          [
            77.122147,
            22.859655
          ],
          [
            98.574238,
            29.452013
          ],
          [
            83.09369,
            20.306929
          ],
          [
            110.547507,
            11.564966
          ],
          [
            88.437132,
            36.399856
          ],
          [
            112.879254,
            30.679285
          ],
          [
            76.538884,
            36.900512
          ],
          [
            112.728827,
            17.884222
          ]
        ]
      },
      "properties": {
        "feature_id": "GEO-260831-000337-GP",
        "feature_name": "bridge-main",
        "address": "成都市武侯区天府大道北段1288号",
        "geom_type": "LineString",
        "center_point": [
          94.99021,
          25.75593
        ],
        "created_at": "2026-05-02T18:04:26.176367",
        "updated_at": "2026-05-18T16:39:26.176367"
      }
    },
    {
      "id": 3937157431671320101,
      "type": "Feature",
      "geometry": {
        "type": "Point",
        "coordinates": [
          82.009695,
          8.396191
        ]
      },
      "properties": {
        "feature_id": "MAP-260831-000338-CW",
        "feature_name": "central-section",
        "address": "成都市武侯区天府大道北段1288号",
        "geom_type": "Point",
        "center_point": [
          82.009695,
          8.396191
        ],
        "created_at": "2025-11-19T01:49:05.690144",
        "updated_at": "2025-12-06T01:50:05.690144"
      }
    },
    {
      "id": 8511992680452627923,
      "type": "Feature",
      "geometry": {
        "type": "LineString",
        "coordinates": [
          [
            78.451446,
            13.351687
          ],
          [
            78.58713,
            26.217832
          ],
          [
            79.46105,
            18.606839
          ],
          [
            122.987576,
            10.566724
          ],
          [
            106.185849,
            6.60432
          ]
        ]
      },
      "properties": {
        "feature_id": "FEAT-260831-000339-NK",
        "feature_name": "harbor-scenic",
        "address": "杭州市西湖区文三路18号",
        "geom_type": "LineString",
        "center_point": [
          93.13461,
          15.06948
        ],
        "created_at": "2026-08-23T18:39:38.874181",
        "updated_at": "2026-09-22T06:58:38.874181"
      }
    },
    {
      "id": 7678263278610715948,
      "type": "Feature",
      "geometry": {
        "type": "Polygon",
        "coordinates": [
          [
            [
              73.188106,
              25.673785
            ],
            [
              122.920924,
              43.600455
            ],
            [
              78.245957,
              28.436778
            ],
            [
              96.687377,
              49.245297
            ],
            [
              114.96037,
              16.604611
            ],
            [
              123.766207,
              39.607879
            ],
            [
              117.27666,
              33.261367
            ],
            [
              73.188106,
              25.673785
            ]
          ]
        ]
      },
      "properties": {
        "feature_id": "FEAT-260831-000340-HZ",
        "feature_name": "west-terminal",
        "address": "厦门市思明区湖滨南路99号",
        "geom_type": "Polygon",
        "center_point": [
          103.863657,
          33.775739
        ],
        "created_at": "2026-05-07T07:15:19.073296",
        "updated_at": "2026-05-28T17:15:19.073296"
      }
    },
    {
      "id": 4405492669559677480,
      "type": "Feature",
      "geometry": {
        "type": "LineString",
        "coordinates": [
          [
            94.579886,
            12.542449
          ],
          [
            95.439145,
            15.23671
          ],
          [
            127.687431,
            22.804586
          ],
          [
            78.875898,
            20.584797
          ],
          [
            97.356292,
            40.814091
          ]
        ]
      },
      "properties": {
        "feature_id": "LAND-260831-000341-MC",
        "feature_name": "bridge-new",
        "address": "南京市玄武区中山路321号",
        "geom_type": "LineString",
        "center_point": [
          98.78773,
          22.396527
        ],
        "created_at": "2026-02-08T05:23:10.778452",
        "updated_at": "2026-03-07T05:17:10.778452"
      }
    },
    {
      "id": 3168682942394925996,
      "type": "Feature",
      "geometry": {
        "type": "Point",
        "coordinates": [
          85.894422,
          24.900531
        ]
      },
      "properties": {
        "feature_id": "GEO-260831-000342-ZJ",
        "feature_name": "water-branch-area",
        "address": "上海市浦东新区世纪大道100号",
        "geom_type": "Point",
        "center_point": [
          85.894422,
          24.900531
        ],
        "created_at": "2026-05-27T12:50:52.825417",
        "updated_at": "2026-06-01T10:47:52.825417"
      }
    },
    {
      "id": 7480823140816116498,
      "type": "Feature",
      "geometry": {
        "type": "Point",
        "coordinates": [
          119.721317,
          17.305911
        ]
      },
      "properties": {
        "feature_id": "FEAT-260831-000343-ZB",
        "feature_name": "station-north-area",
        "address": "上海市浦东新区世纪大道100号",
        "geom_type": "Point",
        "center_point": [
          119.721317,
          17.305911
        ],
        "created_at": "2026-03-23T08:20:29.188532",
        "updated_at": "2026-03-28T18:33:29.188532"
      }
    },
    {
      "id": 7600667789437674010,
      "type": "Feature",
      "geometry": {
        "type": "Point",
        "coordinates": [
          94.896067,
          10.928794
        ]
      },
      "properties": {
        "feature_id": "FEAT-260831-000344-CD",
        "feature_name": "south-gate",
        "address": "厦门市思明区湖滨南路99号",
        "geom_type": "Point",
        "center_point": [
          94.896067,
          10.928794
        ],
        "created_at": "2025-11-25T14:22:15.108925",
        "updated_at": "2025-12-09T12:51:15.108925"
      }
    },
    {
      "id": 884902762566745149,
      "type": "Feature",
      "geometry": {
        "type": "Point",
        "coordinates": [
          89.138761,
          41.553446
        ]
      },
      "properties": {
        "feature_id": "MAP-260831-000345-BS",
        "feature_name": "elevated-section",
        "address": "郑州市金水区金水路115号",
        "geom_type": "Point",
        "center_point": [
          89.138761,
          41.553446
        ],
        "created_at": "2026-06-06T20:11:29.916492",
        "updated_at": "2026-06-20T06:03:29.916492"
      }
    },
    {
      "id": 8284447244609673730,
      "type": "Feature",
      "geometry": {
        "type": "Point",
        "coordinates": [
          114.755643,
          38.922408
        ]
      },
      "properties": {
        "feature_id": "GIS-260831-000346-NL",
        "feature_name": "building-new-gate",
        "address": "西安市雁塔区雁塔南路88号",
        "geom_type": "Point",
        "center_point": [
          114.755643,
          38.922408
        ],
        "created_at": "2025-12-08T23:01:50.838344",
        "updated_at": "2026-01-04T01:02:50.838344"
      }
    },
    {
      "id": 1638472025347278111,
      "type": "Feature",
      "geometry": {
        "type": "Point",
        "coordinates": [
          111.473556,
          48.230931
        ]
      },
      "properties": {
        "feature_id": "LAND-260831-000347-YZ",
        "feature_name": "square-scenic-terminal",
        "address": "成都市武侯区天府大道北段1288号",
        "geom_type": "Point",
        "center_point": [
          111.473556,
          48.230931
        ],
        "created_at": "2026-06-10T14:40:41.456237",
        "updated_at": "2026-06-16T21:51:41.456237"
      }
    },
    {
      "id": 5173840108535405265,
      "type": "Feature",
      "geometry": {
        "type": "LineString",
        "coordinates": [
          [
            126.118086,
            39.506954
          ],
          [
            100.934173,
            7.914148
          ],
          [
            127.18474,
            37.999399
          ],
          [
            74.64619,
            5.540034
          ],
          [
            83.372039,
            39.505616
          ],
          [
            92.073118,
            39.082964
          ]
        ]
      },
      "properties": {
        "feature_id": "LAND-260831-000348-UN",
        "feature_name": "dam-west-section",
        "address": "长沙市岳麓区岳麓大道233号",
        "geom_type": "LineString",
        "center_point": [
          100.721391,
          28.258186
        ],
        "created_at": "2026-05-31T18:21:13.071963",
        "updated_at": "2026-06-26T11:12:13.071963"
      }
    },
    {
      "id": 4770574843030082056,
      "type": "Feature",
      "geometry": {
        "type": "Point",
        "coordinates": [
          74.939166,
          12.642
        ]
      },
      "properties": {
        "feature_id": "LAND-260831-000349-FL",
        "feature_name": "harbor-branch-segment",
        "address": "上海市浦东新区世纪大道100号",
        "geom_type": "Point",
        "center_point": [
          74.939166,
          12.642
        ],
        "created_at": "2026-04-06T17:22:20.893692",
        "updated_at": "2026-04-16T19:32:20.893692"
      }
    },
    {
      "id": 2613157480049352307,
      "type": "Feature",
      "geometry": {
        "type": "Point",
        "coordinates": [
          81.775566,
          37.078473
        ]
      },
      "properties": {
        "feature_id": "MAP-260831-000350-KK",
        "feature_name": "water-east-terminal",
        "address": "青岛市市南区香港中路78号",
        "geom_type": "Point",
        "center_point": [
          81.775566,
          37.078473
        ],
        "created_at": "2026-08-22T22:03:33.245482",
        "updated_at": "2026-08-30T11:33:33.245482"
      }
    },
    {
      "id": 5481789651841348960,
      "type": "Feature",
      "geometry": {
        "type": "Point",
        "coordinates": [
          107.495923,
          29.991123
        ]
      },
      "properties": {
        "feature_id": "LAND-260831-000351-UG",
        "feature_name": "south-area",
        "address": "南京市玄武区中山路321号",
        "geom_type": "Point",
        "center_point": [
          107.495923,
          29.991123
        ],
        "created_at": "2025-12-25T01:34:15.471538",
        "updated_at": "2026-01-08T04:15:15.471538"
      }
    },
    {
      "id": 7949843267214429349,
      "type": "Feature",
      "geometry": {
        "type": "LineString",
        "coordinates": [
          [
            84.278607,
            49.297607
          ],
          [
            76.543472,
            40.001988
          ],
          [
            117.015175,
            47.560737
          ]
        ]
      },
      "properties": {
        "feature_id": "LAND-260831-000352-TZ",
        "feature_name": "bridge-branch",
        "address": "深圳市南山区科技园南区科苑路15号",
        "geom_type": "LineString",
        "center_point": [
          92.612418,
          45.620111
        ],
        "created_at": "2026-07-02T02:48:14.256156",
        "updated_at": "2026-07-17T09:08:14.256156"
      }
    },
    {
      "id": 7396776292795889611,
      "type": "Feature",
      "geometry": {
        "type": "Point",
        "coordinates": [
          75.925405,
          42.039256
        ]
      },
      "properties": {
        "feature_id": "GEO-260831-000353-YP",
        "feature_name": "tower-main-area",
        "address": "厦门市思明区湖滨南路99号",
        "geom_type": "Point",
        "center_point": [
          75.925405,
          42.039256
        ],
        "created_at": "2026-02-20T22:51:20.574393",
        "updated_at": "2026-02-27T18:08:20.574393"
      }
    },
    {
      "id": 2780723623580696333,
      "type": "Feature",
      "geometry": {
        "type": "Polygon",
        "coordinates": [
          [
            [
              115.325808,
              30.974104
            ],
            [
              93.297,
              9.598265
            ],
            [
              122.68449,
              20.012627
            ],
            [
              92.466943,
              11.401294
            ],
            [
              115.325808,
              30.974104
            ]
          ]
        ]
      },
      "properties": {
        "feature_id": "GEO-260831-000354-WQ",
        "feature_name": "water-east",
        "address": "大连市中山区人民路60号",
        "geom_type": "Polygon",
        "center_point": [
          105.94356,
          17.996572
        ],
        "created_at": "2026-04-26T08:56:57.878913",
        "updated_at": "2026-05-17T14:38:57.878913"
      }
    },
    {
      "id": 4561945628291060036,
      "type": "Feature",
      "geometry": {
        "type": "Point",
        "coordinates": [
          88.561798,
          12.483508
        ]
      },
      "properties": {
        "feature_id": "GEO-260831-000355-VM",
        "feature_name": "tunnel-underground",
        "address": "长沙市岳麓区岳麓大道233号",
        "geom_type": "Point",
        "center_point": [
          88.561798,
          12.483508
        ],
        "created_at": "2026-04-17T10:45:25.424526",
        "updated_at": "2026-05-02T10:16:25.424526"
      }
    },
    {
      "id": 9141151058605723293,
      "type": "Feature",
      "geometry": {
        "type": "LineString",
        "coordinates": [
          [
            133.864832,
            22.401935
          ],
          [
            109.663996,
            30.402988
          ],
          [
            73.138881,
            13.29467
          ],
          [
            77.466422,
            47.173593
          ],
          [
            100.615175,
            49.429785
          ],
          [
            118.476122,
            33.29644
          ]
        ]
      },
      "properties": {
        "feature_id": "GEO-260831-000356-FO",
        "feature_name": "park-south-gate",
        "address": "青岛市市南区香港中路78号",
        "geom_type": "LineString",
        "center_point": [
          102.204238,
          32.666568
        ],
        "created_at": "2026-05-11T14:05:35.416445",
        "updated_at": "2026-05-21T13:05:35.416445"
      }
    },
    {
      "id": 7192735067877982850,
      "type": "Feature",
      "geometry": {
        "type": "Polygon",
        "coordinates": [
          [
            [
              96.248048,
              42.825116
            ],
            [
              121.582039,
              14.275551
            ],
            [
              85.516502,
              22.450576
            ],
            [
              99.258856,
              16.768069
            ],
            [
              130.583348,
              21.839857
            ],
            [
              111.016818,
              37.811564
            ],
            [
              84.935756,
              36.89857
            ],
            [
              96.248048,
              42.825116
            ]
          ]
        ]
      },
      "properties": {
        "feature_id": "GEO-260831-000357-BO",
        "feature_name": "elevated-gate",
        "address": "上海市浦东新区世纪大道100号",
        "geom_type": "Polygon",
        "center_point": [
          104.163052,
          27.552758
        ],
        "created_at": "2026-04-01T07:53:26.934784",
        "updated_at": "2026-04-19T06:15:26.934784"
      }
    },
    {
      "id": 3906717370760772179,
      "type": "Feature",
      "geometry": {
        "type": "Point",
        "coordinates": [
          133.635341,
          48.926798
        ]
      },
      "properties": {
        "feature_id": "MAP-260831-000358-NB",
        "feature_name": "bridge-west-segment",
        "address": "大连市中山区人民路60号",
        "geom_type": "Point",
        "center_point": [
          133.635341,
          48.926798
        ],
        "created_at": "2025-10-17T06:41:53.759922",
        "updated_at": "2025-10-30T07:41:53.759922"
      }
    },
    {
      "id": 6822357268837295833,
      "type": "Feature",
      "geometry": {
        "type": "Point",
        "coordinates": [
          103.262767,
          42.207468
        ]
      },
      "properties": {
        "feature_id": "GIS-260831-000359-RY",
        "feature_name": "tunnel-scenic-zone",
        "address": "长沙市岳麓区岳麓大道233号",
        "geom_type": "Point",
        "center_point": [
          103.262767,
          42.207468
        ],
        "created_at": "2026-08-30T05:39:35.048068",
        "updated_at": "2026-09-11T08:47:35.048068"
      }
    },
    {
      "id": 9093049214540775218,
      "type": "Feature",
      "geometry": {
        "type": "Polygon",
        "coordinates": [
          [
            [
              116.151967,
              38.165062
            ],
            [
              81.052757,
              18.0099
            ],
            [
              133.105226,
              26.68564
            ],
            [
              112.193961,
              46.664087
            ],
            [
              118.867785,
              33.536817
            ],
            [
              107.6889,
              51.0879
            ],
            [
              108.969257,
              3.62413
            ],
            [
              111.56786,
              36.66291
            ],
            [
              116.151967,
              38.165062
            ]
          ]
        ]
      },
      "properties": {
        "feature_id": "LAND-260831-000360-HI",
        "feature_name": "north-terminal",
        "address": "郑州市金水区金水路115号",
        "geom_type": "Polygon",
        "center_point": [
          111.199714,
          31.804556
        ],
        "created_at": "2026-04-10T15:06:14.530278",
        "updated_at": "2026-04-17T01:32:14.530278"
      }
    },
    {
      "id": 7113986532945674106,
      "type": "Feature",
      "geometry": {
        "type": "Point",
        "coordinates": [
          133.775156,
          31.750195
        ]
      },
      "properties": {
        "feature_id": "FEAT-260831-000361-TX",
        "feature_name": "building-underground-terminal",
        "address": "武汉市江汉区解放大道1234号",
        "geom_type": "Point",
        "center_point": [
          133.775156,
          31.750195
        ],
        "created_at": "2026-01-25T08:18:05.481096",
        "updated_at": "2026-02-06T03:08:05.481096"
      }
    },
    {
      "id": 6190741789811194010,
      "type": "Feature",
      "geometry": {
        "type": "Point",
        "coordinates": [
          87.827616,
          19.474764
        ]
      },
      "properties": {
        "feature_id": "MAP-260831-000362-GO",
        "feature_name": "dam-main",
        "address": "北京市东城区长安街1号",
        "geom_type": "Point",
        "center_point": [
          87.827616,
          19.474764
        ],
        "created_at": "2026-04-24T03:53:32.758166",
        "updated_at": "2026-04-27T14:56:32.758166"
      }
    },
    {
      "id": 3486602852795760858,
      "type": "Feature",
      "geometry": {
        "type": "Point",
        "coordinates": [
          90.952989,
          16.012582
        ]
      },
      "properties": {
        "feature_id": "GIS-260831-000363-AC",
        "feature_name": "dam-central-gate",
        "address": "北京市东城区长安街1号",
        "geom_type": "Point",
        "center_point": [
          90.952989,
          16.012582
        ],
        "created_at": "2026-06-28T13:27:34.090833",
        "updated_at": "2026-07-13T13:09:34.090833"
      }
    },
    {
      "id": 4091741846290818021,
      "type": "Feature",
      "geometry": {
        "type": "Point",
        "coordinates": [
          109.724914,
          50.367282
        ]
      },
      "properties": {
        "feature_id": "GEO-260831-000364-CK",
        "feature_name": "bridge-branch",
        "address": "南京市玄武区中山路321号",
        "geom_type": "Point",
        "center_point": [
          109.724914,
          50.367282
        ],
        "created_at": "2025-12-14T22:14:50.547634",
        "updated_at": "2026-01-12T08:28:50.547634"
      }
    },
    {
      "id": 4081079711643462251,
      "type": "Feature",
      "geometry": {
        "type": "Point",
        "coordinates": [
          116.16449,
          43.497707
        ]
      },
      "properties": {
        "feature_id": "MAP-260831-000365-YP",
        "feature_name": "tower-central-segment",
        "address": "上海市浦东新区世纪大道100号",
        "geom_type": "Point",
        "center_point": [
          116.16449,
          43.497707
        ],
        "created_at": "2026-01-12T19:51:55.560674",
        "updated_at": "2026-02-06T03:27:55.560674"
      }
    },
    {
      "id": 1809471141663298259,
      "type": "Feature",
      "geometry": {
        "type": "LineString",
        "coordinates": [
          [
            116.436772,
            10.116583
          ],
          [
            115.95464,
            10.562896
          ],
          [
            86.835468,
            52.395752
          ],
          [
            93.148072,
            28.825943
          ],
          [
            92.230944,
            16.930774
          ],
          [
            79.103077,
            38.084569
          ],
          [
            84.940517,
            45.320717
          ],
          [
            118.141936,
            14.116279
          ]
        ]
      },
      "properties": {
        "feature_id": "GIS-260831-000366-VP",
        "feature_name": "tunnel-north-zone",
        "address": "北京市东城区长安街1号",
        "geom_type": "LineString",
        "center_point": [
          98.348928,
          27.044189
        ],
        "created_at": "2026-06-21T21:47:35.910356",
        "updated_at": "2026-06-26T21:46:35.910356"
      }
    },
    {
      "id": 859242528612796704,
      "type": "Feature",
      "geometry": {
        "type": "Point",
        "coordinates": [
          78.646698,
          32.103103
        ]
      },
      "properties": {
        "feature_id": "FEAT-260831-000367-WW",
        "feature_name": "building-west-segment",
        "address": "青岛市市南区香港中路78号",
        "geom_type": "Point",
        "center_point": [
          78.646698,
          32.103103
        ],
        "created_at": "2026-07-10T08:25:25.341092",
        "updated_at": "2026-07-11T17:37:25.341092"
      }
    },
    {
      "id": 8106593108291845965,
      "type": "Feature",
      "geometry": {
        "type": "Polygon",
        "coordinates": [
          [
            [
              102.320201,
              34.161169
            ],
            [
              81.709218,
              16.153621
            ],
            [
              73.903882,
              46.353911
            ],
            [
              92.407044,
              45.340546
            ],
            [
              78.117187,
              3.271993
            ],
            [
              102.320201,
              34.161169
            ]
          ]
        ]
      },
      "properties": {
        "feature_id": "MAP-260831-000368-YE",
        "feature_name": "station-old",
        "address": "厦门市思明区湖滨南路99号",
        "geom_type": "Polygon",
        "center_point": [
          85.691506,
          29.056248
        ],
        "created_at": "2025-09-22T08:33:10.954945",
        "updated_at": "2025-10-10T11:10:10.954945"
      }
    },
    {
      "id": 4346581088312606836,
      "type": "Feature",
      "geometry": {
        "type": "LineString",
        "coordinates": [
          [
            85.27802,
            43.944589
          ],
          [
            109.283036,
            25.831046
          ],
          [
            108.464387,
            44.329269
          ]
        ]
      },
      "properties": {
        "feature_id": "MAP-260831-000369-UU",
        "feature_name": "scenic-area",
        "address": "成都市武侯区天府大道北段1288号",
        "geom_type": "LineString",
        "center_point": [
          101.008481,
          38.034968
        ],
        "created_at": "2026-03-18T04:05:30.957070",
        "updated_at": "2026-03-21T00:33:30.957070"
      }
    },
    {
      "id": 5459458089096549181,
      "type": "Feature",
      "geometry": {
        "type": "Point",
        "coordinates": [
          90.143228,
          42.684392
        ]
      },
      "properties": {
        "feature_id": "MAP-260831-000370-JT",
        "feature_name": "water-elevated-section",
        "address": "北京市东城区长安街1号",
        "geom_type": "Point",
        "center_point": [
          90.143228,
          42.684392
        ],
        "created_at": "2025-12-26T12:18:56.682554",
        "updated_at": "2026-01-07T23:58:56.682554"
      }
    },
    {
      "id": 2994664620022862110,
      "type": "Feature",
      "geometry": {
        "type": "Polygon",
        "coordinates": [
          [
            [
              90.7017,
              3.02125
            ],
            [
              98.750451,
              9.891924
            ],
            [
              100.820533,
              6.548355
            ],
            [
              82.014271,
              14.226029
            ],
            [
              90.7017,
              3.02125
            ]
          ]
        ]
      },
      "properties": {
        "feature_id": "MAP-260831-000371-NF",
        "feature_name": "east-gate",
        "address": "长沙市岳麓区岳麓大道233号",
        "geom_type": "Polygon",
        "center_point": [
          93.071739,
          8.421889
        ],
        "created_at": "2026-05-06T06:05:02.759030",
        "updated_at": "2026-05-26T00:18:02.759030"
      }
    },
    {
      "id": 5832219179241878918,
      "type": "Feature",
      "geometry": {
        "type": "Point",
        "coordinates": [
          99.631915,
          22.556609
        ]
      },
      "properties": {
        "feature_id": "GEO-260831-000372-ZJ",
        "feature_name": "water-central",
        "address": "成都市武侯区天府大道北段1288号",
        "geom_type": "Point",
        "center_point": [
          99.631915,
          22.556609
        ],
        "created_at": "2026-08-25T13:44:11.365916",
        "updated_at": "2026-09-06T16:56:11.365916"
      }
    },
    {
      "id": 426212284152508091,
      "type": "Feature",
      "geometry": {
        "type": "Polygon",
        "coordinates": [
          [
            [
              130.601732,
              47.951001
            ],
            [
              75.449301,
              34.49083
            ],
            [
              98.891149,
              40.651059
            ],
            [
              112.749234,
              30.697556
            ],
            [
              105.971467,
              47.061416
            ],
            [
              100.471661,
              51.849628
            ],
            [
              119.259655,
              37.066072
            ],
            [
              130.601732,
              47.951001
            ]
          ]
        ]
      },
      "properties": {
        "feature_id": "MAP-260831-000373-CV",
        "feature_name": "bridge-old",
        "address": "北京市东城区长安街1号",
        "geom_type": "Polygon",
        "center_point": [
          106.199171,
          41.395366
        ],
        "created_at": "2025-09-07T03:32:01.113113",
        "updated_at": "2025-09-21T18:34:01.113113"
      }
    },
    {
      "id": 2783604888285257427,
      "type": "Feature",
      "geometry": {
        "type": "LineString",
        "coordinates": [
          [
            97.266979,
            35.415756
          ],
          [
            127.204617,
            6.603246
          ],
          [
            130.680213,
            22.363989
          ],
          [
            91.4193,
            31.808679
          ],
          [
            128.914701,
            34.852017
          ],
          [
            91.810621,
            20.357354
          ],
          [
            83.818456,
            44.549678
          ],
          [
            127.300577,
            26.709937
          ]
        ]
      },
      "properties": {
        "feature_id": "GIS-260831-000374-UG",
        "feature_name": "dam-west",
        "address": "杭州市西湖区文三路18号",
        "geom_type": "LineString",
        "center_point": [
          109.801933,
          27.832582
        ],
        "created_at": "2026-08-01T01:39:54.546700",
        "updated_at": "2026-08-24T00:14:54.546700"
      }
    },
    {
      "id": 764777516806638794,
      "type": "Feature",
      "geometry": {
        "type": "Point",
        "coordinates": [
          85.110529,
          38.665673
        ]
      },
      "properties": {
        "feature_id": "LAND-260831-000375-TR",
        "feature_name": "east-gate",
        "address": "西安市雁塔区雁塔南路88号",
        "geom_type": "Point",
        "center_point": [
          85.110529,
          38.665673
        ],
        "created_at": "2026-07-30T02:38:09.626470",
        "updated_at": "2026-08-16T17:39:09.626470"
      }
    },
    {
      "id": 7000119622690790031,
      "type": "Feature",
      "geometry": {
        "type": "Point",
        "coordinates": [
          114.203929,
          53.705584
        ]
      },
      "properties": {
        "feature_id": "FEAT-260831-000376-VI",
        "feature_name": "east-area",
        "address": "上海市浦东新区世纪大道100号",
        "geom_type": "Point",
        "center_point": [
          114.203929,
          53.705584
        ],
        "created_at": "2026-02-10T02:24:15.436547",
        "updated_at": "2026-02-27T01:45:15.436547"
      }
    },
    {
      "id": 3325604573071099237,
      "type": "Feature",
      "geometry": {
        "type": "Point",
        "coordinates": [
          126.969196,
          13.223056
        ]
      },
      "properties": {
        "feature_id": "LAND-260831-000377-VJ",
        "feature_name": "station-south-terminal",
        "address": "西安市雁塔区雁塔南路88号",
        "geom_type": "Point",
        "center_point": [
          126.969196,
          13.223056
        ],
        "created_at": "2026-05-17T14:50:08.971936",
        "updated_at": "2026-06-15T06:57:08.971936"
      }
    },
    {
      "id": 6360687365982534025,
      "type": "Feature",
      "geometry": {
        "type": "Point",
        "coordinates": [
          108.316615,
          37.289053
        ]
      },
      "properties": {
        "feature_id": "GEO-260831-000378-AS",
        "feature_name": "old-terminal",
        "address": "厦门市思明区湖滨南路99号",
        "geom_type": "Point",
        "center_point": [
          108.316615,
          37.289053
        ],
        "created_at": "2026-05-11T14:19:02.235867",
        "updated_at": "2026-06-09T06:09:02.235867"
      }
    },
    {
      "id": 6027989172751877027,
      "type": "Feature",
      "geometry": {
        "type": "LineString",
        "coordinates": [
          [
            104.243831,
            3.501858
          ],
          [
            113.953678,
            23.687176
          ],
          [
            122.331135,
            21.484967
          ],
          [
            79.306991,
            16.30132
          ],
          [
            80.598658,
            12.378721
          ],
          [
            90.313728,
            20.407855
          ],
          [
            119.114623,
            29.190232
          ],
          [
            124.623926,
            11.678089
          ]
        ]
      },
      "properties": {
        "feature_id": "GIS-260831-000379-MV",
        "feature_name": "west-section",
        "address": "大连市中山区人民路60号",
        "geom_type": "LineString",
        "center_point": [
          104.310821,
          17.328777
        ],
        "created_at": "2026-05-18T05:02:48.578036",
        "updated_at": "2026-06-08T16:00:48.578036"
      }
    },
    {
      "id": 8808711206549148211,
      "type": "Feature",
      "geometry": {
        "type": "Point",
        "coordinates": [
          106.929615,
          5.91709
        ]
      },
      "properties": {
        "feature_id": "MAP-260831-000380-EN",
        "feature_name": "building-scenic",
        "address": "武汉市江汉区解放大道1234号",
        "geom_type": "Point",
        "center_point": [
          106.929615,
          5.91709
        ],
        "created_at": "2025-10-31T13:31:53.974450",
        "updated_at": "2025-11-17T21:13:53.974450"
      }
    },
    {
      "id": 2543836991541373921,
      "type": "Feature",
      "geometry": {
        "type": "Point",
        "coordinates": [
          108.721817,
          3.656025
        ]
      },
      "properties": {
        "feature_id": "FEAT-260831-000381-UH",
        "feature_name": "branch-segment",
        "address": "西安市雁塔区雁塔南路88号",
        "geom_type": "Point",
        "center_point": [
          108.721817,
          3.656025
        ],
        "created_at": "2026-04-29T04:27:18.284401",
        "updated_at": "2026-05-10T09:58:18.284401"
      }
    },
    {
      "id": 5536298402478732583,
      "type": "Feature",
      "geometry": {
        "type": "Polygon",
        "coordinates": [
          [
            [
              129.146896,
              20.253514
            ],
            [
              98.466124,
              43.029334
            ],
            [
              122.790249,
              40.88456
            ],
            [
              110.228016,
              35.841743
            ],
            [
              117.693533,
              49.900091
            ],
            [
              86.936604,
              42.202122
            ],
            [
              92.274315,
              48.485761
            ],
            [
              129.146896,
              20.253514
            ]
          ]
        ]
      },
      "properties": {
        "feature_id": "MAP-260831-000382-NK",
        "feature_name": "east-terminal",
        "address": "深圳市南山区科技园南区科苑路15号",
        "geom_type": "Polygon",
        "center_point": [
          108.219391,
          40.085304
        ],
        "created_at": "2026-02-26T19:48:04.899517",
        "updated_at": "2026-03-05T10:03:04.899517"
      }
    },
    {
      "id": 285014785659624661,
      "type": "Feature",
      "geometry": {
        "type": "LineString",
        "coordinates": [
          [
            87.629597,
            40.196957
          ],
          [
            75.190401,
            35.570906
          ],
          [
            119.971056,
            36.665389
          ],
          [
            92.133889,
            31.419347
          ],
          [
            118.504806,
            42.905858
          ],
          [
            95.48283,
            40.745971
          ]
        ]
      },
      "properties": {
        "feature_id": "MAP-260831-000383-VS",
        "feature_name": "old-section",
        "address": "长沙市岳麓区岳麓大道233号",
        "geom_type": "LineString",
        "center_point": [
          98.152097,
          37.917405
        ],
        "created_at": "2026-02-18T15:06:11.700820",
        "updated_at": "2026-02-22T09:16:11.700820"
      }
    },
    {
      "id": 3840614863306117313,
      "type": "Feature",
      "geometry": {
        "type": "Polygon",
        "coordinates": [
          [
            [
              108.221623,
              13.639324
            ],
            [
              120.657715,
              40.028797
            ],
            [
              99.088031,
              3.716687
            ],
            [
              110.251602,
              18.592911
            ],
            [
              107.025962,
              19.841763
            ],
            [
              116.385904,
              45.650241
            ],
            [
              108.221623,
              13.639324
            ]
          ]
        ]
      },
      "properties": {
        "feature_id": "FEAT-260831-000384-BV",
        "feature_name": "water-scenic",
        "address": "上海市浦东新区世纪大道100号",
        "geom_type": "Polygon",
        "center_point": [
          110.271806,
          23.578287
        ],
        "created_at": "2025-09-19T19:30:47.677031",
        "updated_at": "2025-10-20T04:18:47.677031"
      }
    },
    {
      "id": 3159310346185521343,
      "type": "Feature",
      "geometry": {
        "type": "Point",
        "coordinates": [
          93.411153,
          50.333956
        ]
      },
      "properties": {
        "feature_id": "MAP-260831-000385-UM",
        "feature_name": "underground-section",
        "address": "青岛市市南区香港中路78号",
        "geom_type": "Point",
        "center_point": [
          93.411153,
          50.333956
        ],
        "created_at": "2025-12-09T03:49:04.894736",
        "updated_at": "2025-12-12T06:00:04.894736"
      }
    },
    {
      "id": 6369557084612389000,
      "type": "Feature",
      "geometry": {
        "type": "LineString",
        "coordinates": [
          [
            134.588012,
            5.204323
          ],
          [
            98.000851,
            28.086685
          ],
          [
            98.728271,
            18.509152
          ],
          [
            77.281709,
            15.736128
          ]
        ]
      },
      "properties": {
        "feature_id": "FEAT-260831-000386-WU",
        "feature_name": "square-underground",
        "address": "大连市中山区人民路60号",
        "geom_type": "LineString",
        "center_point": [
          102.149711,
          16.884072
        ],
        "created_at": "2026-06-01T14:45:56.569573",
        "updated_at": "2026-06-08T06:39:56.569573"
      }
    },
    {
      "id": 4675191173202475010,
      "type": "Feature",
      "geometry": {
        "type": "LineString",
        "coordinates": [
          [
            122.327615,
            37.371292
          ],
          [
            129.669907,
            31.213673
          ],
          [
            107.771437,
            29.733714
          ],
          [
            134.655308,
            44.887729
          ],
          [
            93.951838,
            22.329876
          ],
          [
            102.476166,
            22.291194
          ],
          [
            128.494955,
            9.760992
          ]
        ]
      },
      "properties": {
        "feature_id": "MAP-260831-000387-VP",
        "feature_name": "station-south",
        "address": "杭州市西湖区文三路18号",
        "geom_type": "LineString",
        "center_point": [
          117.049604,
          28.226924
        ],
        "created_at": "2025-11-27T15:00:20.696362",
        "updated_at": "2025-12-12T11:00:20.696362"
      }
    },
    {
      "id": 8622532825508752625,
      "type": "Feature",
      "geometry": {
        "type": "LineString",
        "coordinates": [
          [
            74.036719,
            52.468548
          ],
          [
            86.561053,
            43.381472
          ],
          [
            105.257246,
            36.949856
          ],
          [
            93.790578,
            47.508745
          ],
          [
            113.00347,
            17.979013
          ],
          [
            108.008003,
            5.514864
          ]
        ]
      },
      "properties": {
        "feature_id": "GIS-260831-000388-BC",
        "feature_name": "park-main-gate",
        "address": "郑州市金水区金水路115号",
        "geom_type": "LineString",
        "center_point": [
          96.776178,
          33.967083
        ],
        "created_at": "2026-03-31T21:37:02.906812",
        "updated_at": "2026-04-03T09:40:02.906812"
      }
    },
    {
      "id": 5484301240093965530,
      "type": "Feature",
      "geometry": {
        "type": "LineString",
        "coordinates": [
          [
            119.947976,
            20.607113
          ],
          [
            129.212612,
            39.16532
          ],
          [
            129.975462,
            18.049226
          ]
        ]
      },
      "properties": {
        "feature_id": "FEAT-260831-000389-XY",
        "feature_name": "park-east",
        "address": "北京市东城区长安街1号",
        "geom_type": "LineString",
        "center_point": [
          126.378683,
          25.940553
        ],
        "created_at": "2026-03-26T16:49:31.592569",
        "updated_at": "2026-04-23T23:45:31.592569"
      }
    },
    {
      "id": 8994108098986738898,
      "type": "Feature",
      "geometry": {
        "type": "LineString",
        "coordinates": [
          [
            128.568557,
            49.814144
          ],
          [
            74.212329,
            37.102887
          ],
          [
            133.748904,
            29.964982
          ],
          [
            92.947251,
            5.22884
          ],
          [
            109.412878,
            42.321984
          ],
          [
            97.379871,
            6.189487
          ]
        ]
      },
      "properties": {
        "feature_id": "MAP-260831-000390-VO",
        "feature_name": "branch-section",
        "address": "上海市浦东新区世纪大道100号",
        "geom_type": "LineString",
        "center_point": [
          106.044965,
          28.437054
        ],
        "created_at": "2026-05-29T02:12:17.464560",
        "updated_at": "2026-06-16T17:18:17.464560"
      }
    },
    {
      "id": 5955417964644924362,
      "type": "Feature",
      "geometry": {
        "type": "LineString",
        "coordinates": [
          [
            122.259561,
            4.869626
          ],
          [
            122.35319,
            20.83759
          ],
          [
            77.583488,
            13.60938
          ]
        ]
      },
      "properties": {
        "feature_id": "MAP-260831-000391-YL",
        "feature_name": "tunnel-elevated-section",
        "address": "西安市雁塔区雁塔南路88号",
        "geom_type": "LineString",
        "center_point": [
          107.398746,
          13.105532
        ],
        "created_at": "2026-01-01T04:27:18.782814",
        "updated_at": "2026-01-06T17:35:18.782814"
      }
    },
    {
      "id": 5219372634610648249,
      "type": "Feature",
      "geometry": {
        "type": "Point",
        "coordinates": [
          100.265704,
          6.690952
        ]
      },
      "properties": {
        "feature_id": "FEAT-260831-000392-FC",
        "feature_name": "new-gate",
        "address": "杭州市西湖区文三路18号",
        "geom_type": "Point",
        "center_point": [
          100.265704,
          6.690952
        ],
        "created_at": "2025-12-21T08:44:26.617246",
        "updated_at": "2026-01-07T00:31:26.617246"
      }
    },
    {
      "id": 6685818826000684606,
      "type": "Feature",
      "geometry": {
        "type": "Point",
        "coordinates": [
          93.620462,
          26.758877
        ]
      },
      "properties": {
        "feature_id": "FEAT-260831-000393-DG",
        "feature_name": "road-west",
        "address": "成都市武侯区天府大道北段1288号",
        "geom_type": "Point",
        "center_point": [
          93.620462,
          26.758877
        ],
        "created_at": "2026-06-22T01:54:04.882907",
        "updated_at": "2026-07-03T08:51:04.882907"
      }
    },
    {
      "id": 4999117418740903966,
      "type": "Feature",
      "geometry": {
        "type": "LineString",
        "coordinates": [
          [
            113.54019,
            12.053324
          ],
          [
            74.303572,
            44.930561
          ],
          [
            126.850766,
            37.158042
          ],
          [
            131.750959,
            22.883463
          ]
        ]
      },
      "properties": {
        "feature_id": "LAND-260831-000394-XN",
        "feature_name": "building-branch",
        "address": "大连市中山区人民路60号",
        "geom_type": "LineString",
        "center_point": [
          111.611372,
          29.256348
        ],
        "created_at": "2025-10-07T22:09:04.571776",
        "updated_at": "2025-10-20T11:39:04.571776"
      }
    },
    {
      "id": 2175667076826160972,
      "type": "Feature",
      "geometry": {
        "type": "Point",
        "coordinates": [
          127.049236,
          17.27796
        ]
      },
      "properties": {
        "feature_id": "FEAT-260831-000395-NL",
        "feature_name": "station-old-segment",
        "address": "武汉市江汉区解放大道1234号",
        "geom_type": "Point",
        "center_point": [
          127.049236,
          17.27796
        ],
        "created_at": "2026-03-13T09:23:50.184525",
        "updated_at": "2026-03-22T10:45:50.184525"
      }
    },
    {
      "id": 8857604064849973072,
      "type": "Feature",
      "geometry": {
        "type": "LineString",
        "coordinates": [
          [
            110.535943,
            46.130905
          ],
          [
            121.192529,
            17.040658
          ],
          [
            112.731982,
            12.711179
          ],
          [
            133.349078,
            33.903954
          ]
        ]
      },
      "properties": {
        "feature_id": "FEAT-260831-000396-JW",
        "feature_name": "airport-elevated",
        "address": "北京市东城区长安街1号",
        "geom_type": "LineString",
        "center_point": [
          119.452383,
          27.446674
        ],
        "created_at": "2026-01-25T00:53:00.631849",
        "updated_at": "2026-02-07T07:39:00.631849"
      }
    },
    {
      "id": 4536874470978105863,
      "type": "Feature",
      "geometry": {
        "type": "Polygon",
        "coordinates": [
          [
            [
              88.080984,
              41.814325
            ],
            [
              111.312178,
              28.531688
            ],
            [
              127.002512,
              37.074168
            ],
            [
              80.591575,
              28.113074
            ],
            [
              83.858449,
              22.424042
            ],
            [
              107.101993,
              53.469369
            ],
            [
              88.080984,
              41.814325
            ]
          ]
        ]
      },
      "properties": {
        "feature_id": "GIS-260831-000397-DM",
        "feature_name": "old-area",
        "address": "郑州市金水区金水路115号",
        "geom_type": "Polygon",
        "center_point": [
          99.657949,
          35.237778
        ],
        "created_at": "2025-09-25T18:09:14.433008",
        "updated_at": "2025-10-10T10:58:14.433008"
      }
    },
    {
      "id": 3030803297931426752,
      "type": "Feature",
      "geometry": {
        "type": "Point",
        "coordinates": [
          111.446431,
          5.268853
        ]
      },
      "properties": {
        "feature_id": "MAP-260831-000398-OI",
        "feature_name": "square-west",
        "address": "长沙市岳麓区岳麓大道233号",
        "geom_type": "Point",
        "center_point": [
          111.446431,
          5.268853
        ],
        "created_at": "2026-07-14T06:08:56.244608",
        "updated_at": "2026-07-21T04:17:56.244608"
      }
    },
    {
      "id": 4202477800061950990,
      "type": "Feature",
      "geometry": {
        "type": "LineString",
        "coordinates": [
          [
            123.928337,
            37.293331
          ],
          [
            110.486447,
            38.212698
          ],
          [
            102.404991,
            52.705287
          ],
          [
            88.699215,
            20.511907
          ],
          [
            129.396129,
            33.55864
          ],
          [
            121.835798,
            32.51302
          ],
          [
            102.060311,
            33.206292
          ],
          [
            129.018412,
            49.641207
          ]
        ]
      },
      "properties": {
        "feature_id": "LAND-260831-000399-TF",
        "feature_name": "branch-area",
        "address": "大连市中山区人民路60号",
        "geom_type": "LineString",
        "center_point": [
          113.478705,
          37.205298
        ],
        "created_at": "2026-04-13T09:25:34.862737",
        "updated_at": "2026-04-16T03:46:34.862737"
      }
    },
    {
      "id": 9014020607645106308,
      "type": "Feature",
      "geometry": {
        "type": "Polygon",
        "coordinates": [
          [
            [
              79.405641,
              31.525838
            ],
            [
              75.304292,
              45.234872
            ],
            [
              112.928075,
              16.247215
            ],
            [
              115.874265,
              14.392143
            ],
            [
              107.299092,
              51.315464
            ],
            [
              79.405641,
              31.525838
            ]
          ]
        ]
      },
      "properties": {
        "feature_id": "MAP-260831-000400-OP",
        "feature_name": "branch-area",
        "address": "长沙市岳麓区岳麓大道233号",
        "geom_type": "Polygon",
        "center_point": [
          98.162273,
          31.743106
        ],
        "created_at": "2026-06-27T01:24:16.701004",
        "updated_at": "2026-07-25T17:56:16.701004"
      }
    },
    {
      "id": 3961972823150297453,
      "type": "Feature",
      "geometry": {
        "type": "Point",
        "coordinates": [
          89.49335,
          26.50265
        ]
      },
      "properties": {
        "feature_id": "LAND-260831-000401-VA",
        "feature_name": "south-zone",
        "address": "郑州市金水区金水路115号",
        "geom_type": "Point",
        "center_point": [
          89.49335,
          26.50265
        ],
        "created_at": "2025-10-05T05:26:34.831228",
        "updated_at": "2025-11-03T10:53:34.831228"
      }
    },
    {
      "id": 1261297898500630475,
      "type": "Feature",
      "geometry": {
        "type": "Point",
        "coordinates": [
          81.832442,
          24.161072
        ]
      },
      "properties": {
        "feature_id": "GEO-260831-000402-EH",
        "feature_name": "main-terminal",
        "address": "深圳市南山区科技园南区科苑路15号",
        "geom_type": "Point",
        "center_point": [
          81.832442,
          24.161072
        ],
        "created_at": "2026-02-04T21:50:01.311936",
        "updated_at": "2026-03-06T23:25:01.311936"
      }
    },
    {
      "id": 4432967234247310576,
      "type": "Feature",
      "geometry": {
        "type": "Polygon",
        "coordinates": [
          [
            [
              81.743263,
              33.949115
            ],
            [
              130.702041,
              44.495088
            ],
            [
              84.909364,
              44.618765
            ],
            [
              81.081373,
              21.542719
            ],
            [
              88.966975,
              45.391864
            ],
            [
              79.708149,
              26.533869
            ],
            [
              93.475627,
              47.18311
            ],
            [
              81.743263,
              33.949115
            ]
          ]
        ]
      },
      "properties": {
        "feature_id": "GEO-260831-000403-UN",
        "feature_name": "tower-old",
        "address": "重庆市渝中区解放碑步行街",
        "geom_type": "Polygon",
        "center_point": [
          91.512399,
          37.673504
        ],
        "created_at": "2026-08-20T14:04:55.697457",
        "updated_at": "2026-09-05T07:38:55.697457"
      }
    },
    {
      "id": 2960077338309019024,
      "type": "Feature",
      "geometry": {
        "type": "Point",
        "coordinates": [
          119.900451,
          26.476325
        ]
      },
      "properties": {
        "feature_id": "GEO-260831-000404-YU",
        "feature_name": "tunnel-central",
        "address": "武汉市江汉区解放大道1234号",
        "geom_type": "Point",
        "center_point": [
          119.900451,
          26.476325
        ],
        "created_at": "2026-05-05T07:43:45.342999",
        "updated_at": "2026-05-13T07:31:45.342999"
      }
    },
    {
      "id": 3155728283318820741,
      "type": "Feature",
      "geometry": {
        "type": "Point",
        "coordinates": [
          87.104138,
          24.453805
        ]
      },
      "properties": {
        "feature_id": "FEAT-260831-000405-GR",
        "feature_name": "road-north",
        "address": "郑州市金水区金水路115号",
        "geom_type": "Point",
        "center_point": [
          87.104138,
          24.453805
        ],
        "created_at": "2026-02-13T01:06:11.892197",
        "updated_at": "2026-02-22T03:37:11.892197"
      }
    },
    {
      "id": 8059683385304093064,
      "type": "Feature",
      "geometry": {
        "type": "LineString",
        "coordinates": [
          [
            128.700694,
            17.649132
          ],
          [
            86.037301,
            48.648596
          ],
          [
            102.023737,
            43.823453
          ],
          [
            97.163833,
            7.463719
          ],
          [
            131.287366,
            31.385737
          ],
          [
            92.731593,
            21.664054
          ],
          [
            76.830901,
            7.79948
          ]
        ]
      },
      "properties": {
        "feature_id": "GEO-260831-000406-UK",
        "feature_name": "tunnel-main-section",
        "address": "武汉市江汉区解放大道1234号",
        "geom_type": "LineString",
        "center_point": [
          102.110775,
          25.490596
        ],
        "created_at": "2026-02-08T01:17:08.585740",
        "updated_at": "2026-03-08T18:22:08.585740"
      }
    },
    {
      "id": 2359147151863562428,
      "type": "Feature",
      "geometry": {
        "type": "Point",
        "coordinates": [
          111.180121,
          10.995848
        ]
      },
      "properties": {
        "feature_id": "GIS-260831-000407-EO",
        "feature_name": "tunnel-main-zone",
        "address": "青岛市市南区香港中路78号",
        "geom_type": "Point",
        "center_point": [
          111.180121,
          10.995848
        ],
        "created_at": "2025-12-21T22:56:00.306768",
        "updated_at": "2026-01-20T16:35:00.306768"
      }
    },
    {
      "id": 8840538270136977322,
      "type": "Feature",
      "geometry": {
        "type": "Point",
        "coordinates": [
          117.180365,
          4.765017
        ]
      },
      "properties": {
        "feature_id": "MAP-260831-000408-TT",
        "feature_name": "west-area",
        "address": "成都市武侯区天府大道北段1288号",
        "geom_type": "Point",
        "center_point": [
          117.180365,
          4.765017
        ],
        "created_at": "2026-05-14T19:32:56.780063",
        "updated_at": "2026-06-03T11:08:56.780063"
      }
    },
    {
      "id": 8815305316244918770,
      "type": "Feature",
      "geometry": {
        "type": "Point",
        "coordinates": [
          99.418599,
          6.850766
        ]
      },
      "properties": {
        "feature_id": "FEAT-260831-000409-HR",
        "feature_name": "tunnel-elevated-area",
        "address": "杭州市西湖区文三路18号",
        "geom_type": "Point",
        "center_point": [
          99.418599,
          6.850766
        ],
        "created_at": "2026-07-13T05:26:40.979083",
        "updated_at": "2026-07-21T17:09:40.979083"
      }
    },
    {
      "id": 8147571638854765674,
      "type": "Feature",
      "geometry": {
        "type": "LineString",
        "coordinates": [
          [
            75.876841,
            30.393339
          ],
          [
            103.972625,
            52.911287
          ],
          [
            121.985694,
            29.544596
          ],
          [
            101.719799,
            27.303525
          ],
          [
            98.144589,
            25.598951
          ]
        ]
      },
      "properties": {
        "feature_id": "FEAT-260831-000410-EX",
        "feature_name": "dam-old",
        "address": "杭州市西湖区文三路18号",
        "geom_type": "LineString",
        "center_point": [
          100.33991,
          33.15034
        ],
        "created_at": "2026-07-29T22:27:03.297621",
        "updated_at": "2026-08-28T23:07:03.297621"
      }
    },
    {
      "id": 2168275233796501254,
      "type": "Feature",
      "geometry": {
        "type": "Point",
        "coordinates": [
          106.111826,
          37.187957
        ]
      },
      "properties": {
        "feature_id": "GEO-260831-000411-AQ",
        "feature_name": "water-elevated-segment",
        "address": "深圳市南山区科技园南区科苑路15号",
        "geom_type": "Point",
        "center_point": [
          106.111826,
          37.187957
        ],
        "created_at": "2025-09-15T04:14:35.012571",
        "updated_at": "2025-10-05T05:00:35.012571"
      }
    },
    {
      "id": 1561027299426307321,
      "type": "Feature",
      "geometry": {
        "type": "LineString",
        "coordinates": [
          [
            113.175389,
            13.802325
          ],
          [
            94.613855,
            16.841348
          ],
          [
            101.349978,
            41.256265
          ]
        ]
      },
      "properties": {
        "feature_id": "GEO-260831-000412-XZ",
        "feature_name": "south-section",
        "address": "郑州市金水区金水路115号",
        "geom_type": "LineString",
        "center_point": [
          103.046407,
          23.966646
        ],
        "created_at": "2026-02-05T07:46:59.549922",
        "updated_at": "2026-02-26T12:17:59.549922"
      }
    },
    {
      "id": 7487982769837149324,
      "type": "Feature",
      "geometry": {
        "type": "LineString",
        "coordinates": [
          [
            95.01691,
            8.556389
          ],
          [
            96.7298,
            23.523746
          ],
          [
            123.345254,
            12.729674
          ],
          [
            107.822495,
            33.806093
          ],
          [
            76.583778,
            4.501519
          ],
          [
            91.27726,
            23.31799
          ],
          [
            74.051517,
            16.813461
          ],
          [
            81.125155,
            23.051835
          ]
        ]
      },
      "properties": {
        "feature_id": "GIS-260831-000413-GI",
        "feature_name": "bridge-elevated",
        "address": "南京市玄武区中山路321号",
        "geom_type": "LineString",
        "center_point": [
          93.244021,
          18.287588
        ],
        "created_at": "2025-11-21T00:24:18.514199",
        "updated_at": "2025-12-08T04:53:18.514199"
      }
    },
    {
      "id": 7961472682260942454,
      "type": "Feature",
      "geometry": {
        "type": "Point",
        "coordinates": [
          94.401351,
          23.400626
        ]
      },
      "properties": {
        "feature_id": "GEO-260831-000414-DS",
        "feature_name": "scenic-terminal",
        "address": "武汉市江汉区解放大道1234号",
        "geom_type": "Point",
        "center_point": [
          94.401351,
          23.400626
        ],
        "created_at": "2026-07-18T22:26:56.192316",
        "updated_at": "2026-08-16T02:03:56.192316"
      }
    },
    {
      "id": 2033509552186864274,
      "type": "Feature",
      "geometry": {
        "type": "LineString",
        "coordinates": [
          [
            133.841385,
            44.242709
          ],
          [
            108.648953,
            46.496373
          ],
          [
            85.765364,
            20.112529
          ],
          [
            102.941581,
            22.595154
          ],
          [
            134.96521,
            45.190742
          ]
        ]
      },
      "properties": {
        "feature_id": "GIS-260831-000415-TM",
        "feature_name": "scenic-segment",
        "address": "厦门市思明区湖滨南路99号",
        "geom_type": "LineString",
        "center_point": [
          113.232499,
          35.727501
        ],
        "created_at": "2026-08-09T20:21:12.222141",
        "updated_at": "2026-08-17T00:44:12.222141"
      }
    },
    {
      "id": 3900327331038370345,
      "type": "Feature",
      "geometry": {
        "type": "Polygon",
        "coordinates": [
          [
            [
              87.691485,
              37.218061
            ],
            [
              115.159723,
              48.622126
            ],
            [
              101.135773,
              43.966125
            ],
            [
              83.923447,
              42.290613
            ],
            [
              84.436272,
              45.66346
            ],
            [
              87.691485,
              37.218061
            ]
          ]
        ]
      },
      "properties": {
        "feature_id": "GIS-260831-000416-RZ",
        "feature_name": "tower-scenic",
        "address": "厦门市思明区湖滨南路99号",
        "geom_type": "Polygon",
        "center_point": [
          94.46934,
          43.552077
        ],
        "created_at": "2026-08-26T11:13:10.043298",
        "updated_at": "2026-09-01T13:35:10.043298"
      }
    },
    {
      "id": 6018925890810185374,
      "type": "Feature",
      "geometry": {
        "type": "Point",
        "coordinates": [
          121.104493,
          46.556972
        ]
      },
      "properties": {
        "feature_id": "FEAT-260831-000417-GT",
        "feature_name": "bridge-main",
        "address": "北京市东城区长安街1号",
        "geom_type": "Point",
        "center_point": [
          121.104493,
          46.556972
        ],
        "created_at": "2026-07-28T05:20:57.686506",
        "updated_at": "2026-08-17T21:34:57.686506"
      }
    },
    {
      "id": 1295752526416062828,
      "type": "Feature",
      "geometry": {
        "type": "Point",
        "coordinates": [
          75.270661,
          30.91234
        ]
      },
      "properties": {
        "feature_id": "MAP-260831-000418-CI",
        "feature_name": "tower-old",
        "address": "武汉市江汉区解放大道1234号",
        "geom_type": "Point",
        "center_point": [
          75.270661,
          30.91234
        ],
        "created_at": "2025-11-19T21:41:36.999754",
        "updated_at": "2025-12-12T23:26:36.999754"
      }
    },
    {
      "id": 3134441830523048955,
      "type": "Feature",
      "geometry": {
        "type": "Point",
        "coordinates": [
          122.222155,
          5.923704
        ]
      },
      "properties": {
        "feature_id": "GEO-260831-000419-OL",
        "feature_name": "airport-east",
        "address": "上海市浦东新区世纪大道100号",
        "geom_type": "Point",
        "center_point": [
          122.222155,
          5.923704
        ],
        "created_at": "2026-07-11T17:44:05.492426",
        "updated_at": "2026-07-19T23:03:05.492426"
      }
    },
    {
      "id": 8145784885869334657,
      "type": "Feature",
      "geometry": {
        "type": "LineString",
        "coordinates": [
          [
            86.362408,
            44.398403
          ],
          [
            92.237144,
            42.512789
          ],
          [
            104.092112,
            49.477582
          ],
          [
            121.297375,
            46.694797
          ]
        ]
      },
      "properties": {
        "feature_id": "GIS-260831-000420-LZ",
        "feature_name": "road-south-zone",
        "address": "武汉市江汉区解放大道1234号",
        "geom_type": "LineString",
        "center_point": [
          100.99726,
          45.770893
        ],
        "created_at": "2025-11-12T17:43:49.170430",
        "updated_at": "2025-11-14T11:02:49.170430"
      }
    },
    {
      "id": 5121785539676148907,
      "type": "Feature",
      "geometry": {
        "type": "Point",
        "coordinates": [
          78.49095,
          5.505322
        ]
      },
      "properties": {
        "feature_id": "FEAT-260831-000421-PH",
        "feature_name": "west-zone",
        "address": "西安市雁塔区雁塔南路88号",
        "geom_type": "Point",
        "center_point": [
          78.49095,
          5.505322
        ],
        "created_at": "2026-04-21T12:05:53.330627",
        "updated_at": "2026-05-04T19:48:53.330627"
      }
    },
    {
      "id": 3504599692612803894,
      "type": "Feature",
      "geometry": {
        "type": "Point",
        "coordinates": [
          75.81525,
          19.522205
        ]
      },
      "properties": {
        "feature_id": "GEO-260831-000422-IZ",
        "feature_name": "park-north-area",
        "address": "重庆市渝中区解放碑步行街",
        "geom_type": "Point",
        "center_point": [
          75.81525,
          19.522205
        ],
        "created_at": "2026-08-17T10:06:26.768063",
        "updated_at": "2026-09-16T21:39:26.768063"
      }
    },
    {
      "id": 2259959828654635368,
      "type": "Feature",
      "geometry": {
        "type": "Point",
        "coordinates": [
          81.94666,
          25.520559
        ]
      },
      "properties": {
        "feature_id": "GEO-260831-000423-TB",
        "feature_name": "airport-west",
        "address": "南京市玄武区中山路321号",
        "geom_type": "Point",
        "center_point": [
          81.94666,
          25.520559
        ],
        "created_at": "2026-08-19T02:25:48.221729",
        "updated_at": "2026-09-08T15:37:48.221729"
      }
    },
    {
      "id": 5451119219151131606,
      "type": "Feature",
      "geometry": {
        "type": "Point",
        "coordinates": [
          83.594981,
          29.735572
        ]
      },
      "properties": {
        "feature_id": "FEAT-260831-000424-SX",
        "feature_name": "west-segment",
        "address": "广州市天河区天河路385号",
        "geom_type": "Point",
        "center_point": [
          83.594981,
          29.735572
        ],
        "created_at": "2026-06-20T20:47:21.765028",
        "updated_at": "2026-06-25T19:38:21.765028"
      }
    },
    {
      "id": 7730139604084405202,
      "type": "Feature",
      "geometry": {
        "type": "Point",
        "coordinates": [
          108.656242,
          45.623664
        ]
      },
      "properties": {
        "feature_id": "LAND-260831-000425-SS",
        "feature_name": "road-elevated",
        "address": "西安市雁塔区雁塔南路88号",
        "geom_type": "Point",
        "center_point": [
          108.656242,
          45.623664
        ],
        "created_at": "2026-05-15T12:22:52.141544",
        "updated_at": "2026-06-15T06:35:52.141544"
      }
    },
    {
      "id": 6283838703824820917,
      "type": "Feature",
      "geometry": {
        "type": "LineString",
        "coordinates": [
          [
            113.946873,
            23.75378
          ],
          [
            133.849212,
            27.692023
          ],
          [
            94.192081,
            18.540817
          ]
        ]
      },
      "properties": {
        "feature_id": "LAND-260831-000426-VC",
        "feature_name": "road-central-terminal",
        "address": "成都市武侯区天府大道北段1288号",
        "geom_type": "LineString",
        "center_point": [
          113.996055,
          23.328873
        ],
        "created_at": "2026-04-07T17:08:03.340991",
        "updated_at": "2026-04-20T08:51:03.340991"
      }
    },
    {
      "id": 1893458031488891895,
      "type": "Feature",
      "geometry": {
        "type": "Point",
        "coordinates": [
          79.29576,
          15.37253
        ]
      },
      "properties": {
        "feature_id": "GIS-260831-000427-NJ",
        "feature_name": "park-east",
        "address": "厦门市思明区湖滨南路99号",
        "geom_type": "Point",
        "center_point": [
          79.29576,
          15.37253
        ],
        "created_at": "2025-09-08T21:26:19.900667",
        "updated_at": "2025-09-10T09:48:19.900667"
      }
    },
    {
      "id": 5449987008731175106,
      "type": "Feature",
      "geometry": {
        "type": "LineString",
        "coordinates": [
          [
            102.429423,
            27.867416
          ],
          [
            111.796289,
            12.827572
          ],
          [
            109.088215,
            27.529255
          ]
        ]
      },
      "properties": {
        "feature_id": "GEO-260831-000428-WW",
        "feature_name": "main-zone",
        "address": "长沙市岳麓区岳麓大道233号",
        "geom_type": "LineString",
        "center_point": [
          107.771309,
          22.741414
        ],
        "created_at": "2026-05-25T06:34:25.120673",
        "updated_at": "2026-06-19T09:56:25.120673"
      }
    },
    {
      "id": 7625154665172210839,
      "type": "Feature",
      "geometry": {
        "type": "Point",
        "coordinates": [
          78.893836,
          52.797114
        ]
      },
      "properties": {
        "feature_id": "MAP-260831-000429-DR",
        "feature_name": "tower-elevated-section",
        "address": "重庆市渝中区解放碑步行街",
        "geom_type": "Point",
        "center_point": [
          78.893836,
          52.797114
        ],
        "created_at": "2025-09-14T20:55:12.498584",
        "updated_at": "2025-10-07T12:42:12.498584"
      }
    },
    {
      "id": 3588036973787553769,
      "type": "Feature",
      "geometry": {
        "type": "LineString",
        "coordinates": [
          [
            105.434053,
            8.355046
          ],
          [
            74.533241,
            53.715916
          ],
          [
            100.596351,
            9.768458
          ],
          [
            110.794901,
            40.727278
          ],
          [
            81.205016,
            50.077935
          ]
        ]
      },
      "properties": {
        "feature_id": "FEAT-260831-000430-VN",
        "feature_name": "water-main-area",
        "address": "上海市浦东新区世纪大道100号",
        "geom_type": "LineString",
        "center_point": [
          94.512712,
          32.528927
        ],
        "created_at": "2026-03-01T21:19:02.334023",
        "updated_at": "2026-03-25T17:11:02.334023"
      }
    },
    {
      "id": 2172625474595172578,
      "type": "Feature",
      "geometry": {
        "type": "Point",
        "coordinates": [
          111.759844,
          6.28315
        ]
      },
      "properties": {
        "feature_id": "FEAT-260831-000431-RU",
        "feature_name": "branch-area",
        "address": "青岛市市南区香港中路78号",
        "geom_type": "Point",
        "center_point": [
          111.759844,
          6.28315
        ],
        "created_at": "2025-09-15T01:08:19.094562",
        "updated_at": "2025-10-15T13:20:19.094562"
      }
    },
    {
      "id": 3120585481611067584,
      "type": "Feature",
      "geometry": {
        "type": "Point",
        "coordinates": [
          89.868218,
          38.794724
        ]
      },
      "properties": {
        "feature_id": "MAP-260831-000432-QM",
        "feature_name": "park-elevated",
        "address": "南京市玄武区中山路321号",
        "geom_type": "Point",
        "center_point": [
          89.868218,
          38.794724
        ],
        "created_at": "2025-09-16T16:29:39.739031",
        "updated_at": "2025-10-08T10:41:39.739031"
      }
    },
    {
      "id": 6288459293235728402,
      "type": "Feature",
      "geometry": {
        "type": "Point",
        "coordinates": [
          74.08965,
          41.657874
        ]
      },
      "properties": {
        "feature_id": "FEAT-260831-000433-CX",
        "feature_name": "building-underground-zone",
        "address": "郑州市金水区金水路115号",
        "geom_type": "Point",
        "center_point": [
          74.08965,
          41.657874
        ],
        "created_at": "2025-10-04T13:36:25.082289",
        "updated_at": "2025-10-15T14:29:25.082289"
      }
    },
    {
      "id": 2270436747042737959,
      "type": "Feature",
      "geometry": {
        "type": "Point",
        "coordinates": [
          121.731626,
          46.064095
        ]
      },
      "properties": {
        "feature_id": "LAND-260831-000434-GW",
        "feature_name": "south-section",
        "address": "广州市天河区天河路385号",
        "geom_type": "Point",
        "center_point": [
          121.731626,
          46.064095
        ],
        "created_at": "2025-11-02T10:15:40.205043",
        "updated_at": "2025-11-10T04:00:40.205043"
      }
    },
    {
      "id": 4478761085754349997,
      "type": "Feature",
      "geometry": {
        "type": "Point",
        "coordinates": [
          100.701339,
          41.316785
        ]
      },
      "properties": {
        "feature_id": "FEAT-260831-000435-NK",
        "feature_name": "park-scenic",
        "address": "广州市天河区天河路385号",
        "geom_type": "Point",
        "center_point": [
          100.701339,
          41.316785
        ],
        "created_at": "2026-05-26T07:57:25.891045",
        "updated_at": "2026-06-13T15:57:25.891045"
      }
    },
    {
      "id": 5734788881767906200,
      "type": "Feature",
      "geometry": {
        "type": "Point",
        "coordinates": [
          131.718565,
          33.204171
        ]
      },
      "properties": {
        "feature_id": "FEAT-260831-000436-WQ",
        "feature_name": "park-north-terminal",
        "address": "青岛市市南区香港中路78号",
        "geom_type": "Point",
        "center_point": [
          131.718565,
          33.204171
        ],
        "created_at": "2025-11-22T13:07:26.881615",
        "updated_at": "2025-12-01T10:44:26.881615"
      }
    },
    {
      "id": 2323474314313006749,
      "type": "Feature",
      "geometry": {
        "type": "Polygon",
        "coordinates": [
          [
            [
              133.121239,
              16.742911
            ],
            [
              132.33471,
              53.326172
            ],
            [
              95.988425,
              22.119447
            ],
            [
              92.555924,
              15.910227
            ],
            [
              133.121239,
              16.742911
            ]
          ]
        ]
      },
      "properties": {
        "feature_id": "FEAT-260831-000437-HE",
        "feature_name": "underground-gate",
        "address": "北京市东城区长安街1号",
        "geom_type": "Polygon",
        "center_point": [
          113.500075,
          27.024689
        ],
        "created_at": "2025-10-20T00:26:50.331794",
        "updated_at": "2025-11-07T19:18:50.331794"
      }
    },
    {
      "id": 2099395840574311172,
      "type": "Feature",
      "geometry": {
        "type": "Point",
        "coordinates": [
          73.495553,
          3.493163
        ]
      },
      "properties": {
        "feature_id": "MAP-260831-000438-QV",
        "feature_name": "new-zone",
        "address": "上海市浦东新区世纪大道100号",
        "geom_type": "Point",
        "center_point": [
          73.495553,
          3.493163
        ],
        "created_at": "2025-10-15T02:53:09.203748",
        "updated_at": "2025-10-19T17:25:09.203748"
      }
    },
    {
      "id": 5923820314593676406,
      "type": "Feature",
      "geometry": {
        "type": "LineString",
        "coordinates": [
          [
            126.885169,
            47.994572
          ],
          [
            97.560707,
            37.102745
          ],
          [
            113.23755,
            38.784469
          ]
        ]
      },
      "properties": {
        "feature_id": "GEO-260831-000439-CP",
        "feature_name": "scenic-gate",
        "address": "成都市武侯区天府大道北段1288号",
        "geom_type": "LineString",
        "center_point": [
          112.561142,
          41.293929
        ],
        "created_at": "2026-08-13T14:29:03.229115",
        "updated_at": "2026-08-19T22:43:03.229115"
      }
    },
    {
      "id": 2871223870490459062,
      "type": "Feature",
      "geometry": {
        "type": "LineString",
        "coordinates": [
          [
            108.514575,
            45.268127
          ],
          [
            83.29486,
            7.223339
          ],
          [
            128.481229,
            6.193343
          ]
        ]
      },
      "properties": {
        "feature_id": "GIS-260831-000440-VU",
        "feature_name": "bridge-elevated",
        "address": "重庆市渝中区解放碑步行街",
        "geom_type": "LineString",
        "center_point": [
          106.763555,
          19.561603
        ],
        "created_at": "2026-08-11T02:45:52.977213",
        "updated_at": "2026-08-18T23:38:52.977213"
      }
    },
    {
      "id": 2444623769193489995,
      "type": "Feature",
      "geometry": {
        "type": "Point",
        "coordinates": [
          102.07244,
          14.326498
        ]
      },
      "properties": {
        "feature_id": "FEAT-260831-000441-KJ",
        "feature_name": "east-area",
        "address": "西安市雁塔区雁塔南路88号",
        "geom_type": "Point",
        "center_point": [
          102.07244,
          14.326498
        ],
        "created_at": "2026-08-12T16:05:06.715699",
        "updated_at": "2026-09-07T20:58:06.715699"
      }
    },
    {
      "id": 6105028726844428351,
      "type": "Feature",
      "geometry": {
        "type": "Point",
        "coordinates": [
          92.047356,
          18.718732
        ]
      },
      "properties": {
        "feature_id": "GEO-260831-000442-UJ",
        "feature_name": "station-underground-section",
        "address": "武汉市江汉区解放大道1234号",
        "geom_type": "Point",
        "center_point": [
          92.047356,
          18.718732
        ],
        "created_at": "2025-12-22T05:29:41.065426",
        "updated_at": "2026-01-19T05:44:41.065426"
      }
    },
    {
      "id": 4814580190901367497,
      "type": "Feature",
      "geometry": {
        "type": "Point",
        "coordinates": [
          131.961154,
          27.703649
        ]
      },
      "properties": {
        "feature_id": "GEO-260831-000443-BK",
        "feature_name": "tunnel-west-zone",
        "address": "长沙市岳麓区岳麓大道233号",
        "geom_type": "Point",
        "center_point": [
          131.961154,
          27.703649
        ],
        "created_at": "2026-06-14T17:28:30.837735",
        "updated_at": "2026-06-19T09:03:30.837735"
      }
    },
    {
      "id": 124090906765059287,
      "type": "Feature",
      "geometry": {
        "type": "Point",
        "coordinates": [
          83.078887,
          48.202174
        ]
      },
      "properties": {
        "feature_id": "MAP-260831-000444-SS",
        "feature_name": "square-west",
        "address": "大连市中山区人民路60号",
        "geom_type": "Point",
        "center_point": [
          83.078887,
          48.202174
        ],
        "created_at": "2026-08-03T01:16:16.564531",
        "updated_at": "2026-08-24T15:55:16.564531"
      }
    },
    {
      "id": 8555394852670671266,
      "type": "Feature",
      "geometry": {
        "type": "Point",
        "coordinates": [
          101.412972,
          36.041952
        ]
      },
      "properties": {
        "feature_id": "GIS-260831-000445-LS",
        "feature_name": "airport-west",
        "address": "青岛市市南区香港中路78号",
        "geom_type": "Point",
        "center_point": [
          101.412972,
          36.041952
        ],
        "created_at": "2026-06-28T17:58:11.044530",
        "updated_at": "2026-07-02T18:58:11.044530"
      }
    },
    {
      "id": 3755085034654899638,
      "type": "Feature",
      "geometry": {
        "type": "Point",
        "coordinates": [
          130.647437,
          52.53657
        ]
      },
      "properties": {
        "feature_id": "GIS-260831-000446-DI",
        "feature_name": "bridge-new",
        "address": "广州市天河区天河路385号",
        "geom_type": "Point",
        "center_point": [
          130.647437,
          52.53657
        ],
        "created_at": "2026-03-08T02:22:20.675414",
        "updated_at": "2026-03-21T03:50:20.675414"
      }
    },
    {
      "id": 3167338677747394706,
      "type": "Feature",
      "geometry": {
        "type": "Point",
        "coordinates": [
          81.758392,
          30.383664
        ]
      },
      "properties": {
        "feature_id": "LAND-260831-000447-XL",
        "feature_name": "elevated-gate",
        "address": "青岛市市南区香港中路78号",
        "geom_type": "Point",
        "center_point": [
          81.758392,
          30.383664
        ],
        "created_at": "2026-07-08T02:41:39.974032",
        "updated_at": "2026-08-07T03:29:39.974032"
      }
    },
    {
      "id": 5503132756691851339,
      "type": "Feature",
      "geometry": {
        "type": "LineString",
        "coordinates": [
          [
            78.189746,
            17.907853
          ],
          [
            102.969081,
            19.186254
          ],
          [
            91.233988,
            4.083882
          ],
          [
            128.272335,
            29.19553
          ],
          [
            111.632313,
            43.791009
          ],
          [
            105.214227,
            52.56794
          ],
          [
            105.652168,
            18.959283
          ]
        ]
      },
      "properties": {
        "feature_id": "MAP-260831-000448-ZQ",
        "feature_name": "new-area",
        "address": "广州市天河区天河路385号",
        "geom_type": "LineString",
        "center_point": [
          103.309123,
          26.527393
        ],
        "created_at": "2026-01-30T20:07:19.708295",
        "updated_at": "2026-02-10T22:32:19.708295"
      }
    },
    {
      "id": 4336809505033617450,
      "type": "Feature",
      "geometry": {
        "type": "Point",
        "coordinates": [
          106.937034,
          24.243629
        ]
      },
      "properties": {
        "feature_id": "GIS-260831-000449-UW",
        "feature_name": "airport-west-terminal",
        "address": "长沙市岳麓区岳麓大道233号",
        "geom_type": "Point",
        "center_point": [
          106.937034,
          24.243629
        ],
        "created_at": "2026-07-22T11:05:10.887087",
        "updated_at": "2026-08-07T13:36:10.887087"
      }
    },
    {
      "id": 4566998255808926739,
      "type": "Feature",
      "geometry": {
        "type": "Polygon",
        "coordinates": [
          [
            [
              126.570659,
              51.276688
            ],
            [
              124.139875,
              3.024875
            ],
            [
              78.282678,
              36.765438
            ],
            [
              83.940453,
              19.805487
            ],
            [
              113.988279,
              42.251918
            ],
            [
              126.570659,
              51.276688
            ]
          ]
        ]
      },
      "properties": {
        "feature_id": "MAP-260831-000450-TS",
        "feature_name": "old-segment",
        "address": "杭州市西湖区文三路18号",
        "geom_type": "Polygon",
        "center_point": [
          105.384389,
          30.624881
        ],
        "created_at": "2026-01-12T05:25:23.494890",
        "updated_at": "2026-02-05T17:23:23.494890"
      }
    },
    {
      "id": 5612113211971489062,
      "type": "Feature",
      "geometry": {
        "type": "LineString",
        "coordinates": [
          [
            114.471374,
            32.211887
          ],
          [
            77.981759,
            46.612718
          ],
          [
            103.358221,
            50.757559
          ],
          [
            101.01169,
            41.241395
          ],
          [
            91.987607,
            21.195233
          ],
          [
            94.450835,
            48.484915
          ]
        ]
      },
      "properties": {
        "feature_id": "FEAT-260831-000451-TG",
        "feature_name": "park-old-gate",
        "address": "重庆市渝中区解放碑步行街",
        "geom_type": "LineString",
        "center_point": [
          97.210248,
          40.083951
        ],
        "created_at": "2025-09-26T03:53:17.806538",
        "updated_at": "2025-10-02T17:47:17.806538"
      }
    },
    {
      "id": 5993988336364823533,
      "type": "Feature",
      "geometry": {
        "type": "Polygon",
        "coordinates": [
          [
            [
              89.715663,
              53.639018
            ],
            [
              90.02269,
              22.734447
            ],
            [
              121.3781,
              18.181958
            ],
            [
              115.75773,
              37.879216
            ],
            [
              89.945303,
              53.855815
            ],
            [
              89.715663,
              53.639018
            ]
          ]
        ]
      },
      "properties": {
        "feature_id": "MAP-260831-000452-VO",
        "feature_name": "underground-zone",
        "address": "武汉市江汉区解放大道1234号",
        "geom_type": "Polygon",
        "center_point": [
          101.363897,
          37.258091
        ],
        "created_at": "2026-02-10T18:53:27.479174",
        "updated_at": "2026-03-07T00:32:27.479174"
      }
    },
    {
      "id": 674177128383034641,
      "type": "Feature",
      "geometry": {
        "type": "Point",
        "coordinates": [
          116.380819,
          53.215276
        ]
      },
      "properties": {
        "feature_id": "GEO-260831-000453-IG",
        "feature_name": "bridge-north-segment",
        "address": "重庆市渝中区解放碑步行街",
        "geom_type": "Point",
        "center_point": [
          116.380819,
          53.215276
        ],
        "created_at": "2025-12-13T08:08:07.276933",
        "updated_at": "2025-12-22T11:33:07.276933"
      }
    },
    {
      "id": 480882725486072385,
      "type": "Feature",
      "geometry": {
        "type": "Point",
        "coordinates": [
          125.487374,
          8.746042
        ]
      },
      "properties": {
        "feature_id": "LAND-260831-000454-DW",
        "feature_name": "branch-terminal",
        "address": "青岛市市南区香港中路78号",
        "geom_type": "Point",
        "center_point": [
          125.487374,
          8.746042
        ],
        "created_at": "2026-06-21T07:58:51.776715",
        "updated_at": "2026-06-24T00:00:51.776715"
      }
    },
    {
      "id": 3437585273218012353,
      "type": "Feature",
      "geometry": {
        "type": "Polygon",
        "coordinates": [
          [
            [
              90.226406,
              4.243215
            ],
            [
              102.355979,
              32.634339
            ],
            [
              133.989645,
              7.653052
            ],
            [
              83.760852,
              13.017488
            ],
            [
              87.623624,
              21.684031
            ],
            [
              77.621284,
              37.928953
            ],
            [
              90.226406,
              4.243215
            ]
          ]
        ]
      },
      "properties": {
        "feature_id": "FEAT-260831-000455-DO",
        "feature_name": "new-segment",
        "address": "西安市雁塔区雁塔南路88号",
        "geom_type": "Polygon",
        "center_point": [
          95.929632,
          19.526846
        ],
        "created_at": "2026-06-28T04:10:56.837580",
        "updated_at": "2026-07-02T19:00:56.837580"
      }
    },
    {
      "id": 135226116501397493,
      "type": "Feature",
      "geometry": {
        "type": "Point",
        "coordinates": [
          90.983604,
          51.57707
        ]
      },
      "properties": {
        "feature_id": "MAP-260831-000456-NH",
        "feature_name": "east-zone",
        "address": "广州市天河区天河路385号",
        "geom_type": "Point",
        "center_point": [
          90.983604,
          51.57707
        ],
        "created_at": "2026-07-22T21:01:49.419692",
        "updated_at": "2026-08-07T05:13:49.419692"
      }
    },
    {
      "id": 543186615817525501,
      "type": "Feature",
      "geometry": {
        "type": "Polygon",
        "coordinates": [
          [
            [
              100.471235,
              6.587925
            ],
            [
              124.615159,
              32.770423
            ],
            [
              76.92613,
              31.337391
            ],
            [
              123.399361,
              38.755038
            ],
            [
              84.98232,
              47.49094
            ],
            [
              100.471235,
              6.587925
            ]
          ]
        ]
      },
      "properties": {
        "feature_id": "FEAT-260831-000457-IY",
        "feature_name": "tower-branch-zone",
        "address": "上海市浦东新区世纪大道100号",
        "geom_type": "Polygon",
        "center_point": [
          102.078841,
          31.388343
        ],
        "created_at": "2025-09-05T04:28:03.119983",
        "updated_at": "2025-09-06T19:13:03.119983"
      }
    },
    {
      "id": 5622458296994568106,
      "type": "Feature",
      "geometry": {
        "type": "LineString",
        "coordinates": [
          [
            106.258116,
            26.418763
          ],
          [
            126.216208,
            36.755629
          ],
          [
            131.492366,
            48.437257
          ]
        ]
      },
      "properties": {
        "feature_id": "MAP-260831-000458-MY",
        "feature_name": "east-segment",
        "address": "大连市中山区人民路60号",
        "geom_type": "LineString",
        "center_point": [
          121.32223,
          37.203883
        ],
        "created_at": "2025-11-22T13:10:09.856655",
        "updated_at": "2025-12-13T20:40:09.856655"
      }
    },
    {
      "id": 3640954716655992458,
      "type": "Feature",
      "geometry": {
        "type": "Point",
        "coordinates": [
          110.637341,
          24.818033
        ]
      },
      "properties": {
        "feature_id": "MAP-260831-000459-TV",
        "feature_name": "underground-gate",
        "address": "广州市天河区天河路385号",
        "geom_type": "Point",
        "center_point": [
          110.637341,
          24.818033
        ],
        "created_at": "2025-09-30T04:53:10.910823",
        "updated_at": "2025-10-05T04:29:10.910823"
      }
    },
    {
      "id": 4878842670458415877,
      "type": "Feature",
      "geometry": {
        "type": "Point",
        "coordinates": [
          133.816499,
          51.948454
        ]
      },
      "properties": {
        "feature_id": "GEO-260831-000460-FA",
        "feature_name": "bridge-west-terminal",
        "address": "北京市东城区长安街1号",
        "geom_type": "Point",
        "center_point": [
          133.816499,
          51.948454
        ],
        "created_at": "2026-02-23T03:06:57.853811",
        "updated_at": "2026-03-04T17:22:57.853811"
      }
    },
    {
      "id": 4991373486343158139,
      "type": "Feature",
      "geometry": {
        "type": "LineString",
        "coordinates": [
          [
            102.593083,
            12.450861
          ],
          [
            133.411335,
            50.720469
          ],
          [
            96.032288,
            40.10424
          ],
          [
            95.11643,
            7.435144
          ],
          [
            102.798088,
            18.189021
          ]
        ]
      },
      "properties": {
        "feature_id": "LAND-260831-000461-ED",
        "feature_name": "new-segment",
        "address": "青岛市市南区香港中路78号",
        "geom_type": "LineString",
        "center_point": [
          105.990245,
          25.779947
        ],
        "created_at": "2025-12-13T18:29:28.846188",
        "updated_at": "2025-12-29T09:26:28.846188"
      }
    },
    {
      "id": 6379745265820359141,
      "type": "Feature",
      "geometry": {
        "type": "LineString",
        "coordinates": [
          [
            115.936508,
            48.092992
          ],
          [
            115.261789,
            42.872526
          ],
          [
            118.659131,
            15.146993
          ],
          [
            87.278286,
            25.503854
          ],
          [
            81.787084,
            17.865514
          ],
          [
            103.234239,
            10.755795
          ]
        ]
      },
      "properties": {
        "feature_id": "GIS-260831-000462-VN",
        "feature_name": "dam-new",
        "address": "大连市中山区人民路60号",
        "geom_type": "LineString",
        "center_point": [
          103.69284,
          26.706279
        ],
        "created_at": "2026-04-01T22:39:14.013019",
        "updated_at": "2026-04-12T09:21:14.013019"
      }
    },
    {
      "id": 2053627246622887471,
      "type": "Feature",
      "geometry": {
        "type": "LineString",
        "coordinates": [
          [
            112.191539,
            45.509722
          ],
          [
            96.971525,
            11.519034
          ],
          [
            126.520849,
            26.911545
          ],
          [
            78.641213,
            35.382449
          ],
          [
            123.528878,
            33.644237
          ],
          [
            90.524001,
            18.465876
          ],
          [
            128.178736,
            50.892964
          ],
          [
            126.556302,
            51.919228
          ]
        ]
      },
      "properties": {
        "feature_id": "MAP-260831-000463-JJ",
        "feature_name": "bridge-central-area",
        "address": "郑州市金水区金水路115号",
        "geom_type": "LineString",
        "center_point": [
          110.38913,
          34.280632
        ],
        "created_at": "2026-04-26T01:43:54.986365",
        "updated_at": "2026-05-06T05:32:54.986365"
      }
    },
    {
      "id": 8910785264553758331,
      "type": "Feature",
      "geometry": {
        "type": "Polygon",
        "coordinates": [
          [
            [
              75.426951,
              32.271189
            ],
            [
              111.886181,
              22.824602
            ],
            [
              88.041457,
              4.792473
            ],
            [
              118.987316,
              28.743265
            ],
            [
              129.085039,
              6.472644
            ],
            [
              100.554234,
              41.555843
            ],
            [
              75.426951,
              32.271189
            ]
          ]
        ]
      },
      "properties": {
        "feature_id": "LAND-260831-000464-CF",
        "feature_name": "branch-section",
        "address": "郑州市金水区金水路115号",
        "geom_type": "Polygon",
        "center_point": [
          103.996863,
          22.776669
        ],
        "created_at": "2026-02-14T04:54:22.486711",
        "updated_at": "2026-02-26T10:55:22.486711"
      }
    },
    {
      "id": 6592816034224387640,
      "type": "Feature",
      "geometry": {
        "type": "Polygon",
        "coordinates": [
          [
            [
              124.081814,
              6.630947
            ],
            [
              108.902166,
              33.889432
            ],
            [
              78.480242,
              24.894715
            ],
            [
              124.937237,
              50.193881
            ],
            [
              77.709004,
              27.827556
            ],
            [
              74.926516,
              48.89475
            ],
            [
              105.73921,
              12.016662
            ],
            [
              130.449352,
              24.07904
            ],
            [
              124.081814,
              6.630947
            ]
          ]
        ]
      },
      "properties": {
        "feature_id": "MAP-260831-000465-FX",
        "feature_name": "main-area",
        "address": "成都市武侯区天府大道北段1288号",
        "geom_type": "Polygon",
        "center_point": [
          103.153193,
          28.553373
        ],
        "created_at": "2025-09-14T08:19:28.317024",
        "updated_at": "2025-10-03T17:26:28.317024"
      }
    },
    {
      "id": 6552451618317904230,
      "type": "Feature",
      "geometry": {
        "type": "Point",
        "coordinates": [
          74.145391,
          47.256286
        ]
      },
      "properties": {
        "feature_id": "GIS-260831-000466-EN",
        "feature_name": "tunnel-new",
        "address": "大连市中山区人民路60号",
        "geom_type": "Point",
        "center_point": [
          74.145391,
          47.256286
        ],
        "created_at": "2025-11-21T06:37:09.225992",
        "updated_at": "2025-12-07T19:08:09.225992"
      }
    },
    {
      "id": 6104197327127145738,
      "type": "Feature",
      "geometry": {
        "type": "LineString",
        "coordinates": [
          [
            102.308339,
            27.357059
          ],
          [
            76.388686,
            13.463363
          ],
          [
            89.118307,
            14.566597
          ],
          [
            108.358731,
            10.809953
          ],
          [
            78.737961,
            29.683925
          ]
        ]
      },
      "properties": {
        "feature_id": "GEO-260831-000467-OG",
        "feature_name": "underground-gate",
        "address": "大连市中山区人民路60号",
        "geom_type": "LineString",
        "center_point": [
          90.982405,
          19.176179
        ],
        "created_at": "2026-01-06T11:17:29.797338",
        "updated_at": "2026-01-26T18:03:29.797338"
      }
    },
    {
      "id": 5114593692693030927,
      "type": "Feature",
      "geometry": {
        "type": "Point",
        "coordinates": [
          116.582323,
          36.177797
        ]
      },
      "properties": {
        "feature_id": "MAP-260831-000468-TB",
        "feature_name": "tunnel-branch",
        "address": "青岛市市南区香港中路78号",
        "geom_type": "Point",
        "center_point": [
          116.582323,
          36.177797
        ],
        "created_at": "2025-09-01T16:55:59.777489",
        "updated_at": "2025-09-05T20:02:59.777489"
      }
    },
    {
      "id": 4126383553055976606,
      "type": "Feature",
      "geometry": {
        "type": "Point",
        "coordinates": [
          87.719881,
          53.085229
        ]
      },
      "properties": {
        "feature_id": "GEO-260831-000469-PX",
        "feature_name": "dam-west",
        "address": "武汉市江汉区解放大道1234号",
        "geom_type": "Point",
        "center_point": [
          87.719881,
          53.085229
        ],
        "created_at": "2025-09-26T16:42:37.642479",
        "updated_at": "2025-10-17T00:34:37.642479"
      }
    },
    {
      "id": 7923922385674225803,
      "type": "Feature",
      "geometry": {
        "type": "Point",
        "coordinates": [
          106.158321,
          18.223028
        ]
      },
      "properties": {
        "feature_id": "MAP-260831-000470-ZT",
        "feature_name": "harbor-main-segment",
        "address": "大连市中山区人民路60号",
        "geom_type": "Point",
        "center_point": [
          106.158321,
          18.223028
        ],
        "created_at": "2025-10-18T00:19:25.130771",
        "updated_at": "2025-10-29T12:17:25.130771"
      }
    },
    {
      "id": 2482928966642675527,
      "type": "Feature",
      "geometry": {
        "type": "Point",
        "coordinates": [
          73.859218,
          48.333565
        ]
      },
      "properties": {
        "feature_id": "MAP-260831-000471-JU",
        "feature_name": "harbor-east-area",
        "address": "重庆市渝中区解放碑步行街",
        "geom_type": "Point",
        "center_point": [
          73.859218,
          48.333565
        ],
        "created_at": "2026-06-16T17:58:17.100670",
        "updated_at": "2026-06-22T09:30:17.100670"
      }
    },
    {
      "id": 654687974804706717,
      "type": "Feature",
      "geometry": {
        "type": "Point",
        "coordinates": [
          118.841121,
          24.281688
        ]
      },
      "properties": {
        "feature_id": "MAP-260831-000472-QQ",
        "feature_name": "south-terminal",
        "address": "青岛市市南区香港中路78号",
        "geom_type": "Point",
        "center_point": [
          118.841121,
          24.281688
        ],
        "created_at": "2026-04-30T22:11:20.167123",
        "updated_at": "2026-05-19T21:54:20.167123"
      }
    },
    {
      "id": 2237200515876226998,
      "type": "Feature",
      "geometry": {
        "type": "Polygon",
        "coordinates": [
          [
            [
              74.300138,
              53.799385
            ],
            [
              79.57249,
              44.530401
            ],
            [
              118.89814,
              42.535063
            ],
            [
              90.756876,
              53.055386
            ],
            [
              122.103942,
              27.393413
            ],
            [
              91.478798,
              42.904183
            ],
            [
              92.940402,
              14.654725
            ],
            [
              102.24409,
              31.962944
            ],
            [
              74.300138,
              53.799385
            ]
          ]
        ]
      },
      "properties": {
        "feature_id": "GIS-260831-000473-QB",
        "feature_name": "east-segment",
        "address": "西安市雁塔区雁塔南路88号",
        "geom_type": "Polygon",
        "center_point": [
          96.53686,
          38.854437
        ],
        "created_at": "2025-12-21T15:45:44.042007",
        "updated_at": "2026-01-02T09:46:44.042007"
      }
    },
    {
      "id": 1979050147125857657,
      "type": "Feature",
      "geometry": {
        "type": "Point",
        "coordinates": [
          117.242828,
          53.196909
        ]
      },
      "properties": {
        "feature_id": "FEAT-260831-000474-IJ",
        "feature_name": "west-segment",
        "address": "青岛市市南区香港中路78号",
        "geom_type": "Point",
        "center_point": [
          117.242828,
          53.196909
        ],
        "created_at": "2026-05-30T04:48:58.348455",
        "updated_at": "2026-06-17T12:24:58.348455"
      }
    },
    {
      "id": 5737324802791914414,
      "type": "Feature",
      "geometry": {
        "type": "LineString",
        "coordinates": [
          [
            100.667383,
            10.3589
          ],
          [
            79.976828,
            30.662846
          ],
          [
            76.348622,
            42.3048
          ],
          [
            121.992515,
            49.013537
          ]
        ]
      },
      "properties": {
        "feature_id": "FEAT-260831-000475-OB",
        "feature_name": "scenic-terminal",
        "address": "成都市武侯区天府大道北段1288号",
        "geom_type": "LineString",
        "center_point": [
          94.746337,
          33.085021
        ],
        "created_at": "2026-08-06T05:42:25.919195",
        "updated_at": "2026-08-23T20:18:25.919195"
      }
    },
    {
      "id": 9089558536013633282,
      "type": "Feature",
      "geometry": {
        "type": "Point",
        "coordinates": [
          102.211838,
          46.003637
        ]
      },
      "properties": {
        "feature_id": "LAND-260831-000476-FN",
        "feature_name": "bridge-elevated-zone",
        "address": "大连市中山区人民路60号",
        "geom_type": "Point",
        "center_point": [
          102.211838,
          46.003637
        ],
        "created_at": "2026-06-18T17:58:10.204768",
        "updated_at": "2026-07-13T08:51:10.204768"
      }
    },
    {
      "id": 4848201873058299869,
      "type": "Feature",
      "geometry": {
        "type": "LineString",
        "coordinates": [
          [
            122.910193,
            27.784542
          ],
          [
            126.582341,
            35.616975
          ],
          [
            105.237847,
            11.611748
          ],
          [
            128.164713,
            10.067026
          ],
          [
            129.309392,
            49.513858
          ],
          [
            105.214106,
            16.973402
          ],
          [
            109.094924,
            47.375097
          ],
          [
            81.697563,
            50.350904
          ]
        ]
      },
      "properties": {
        "feature_id": "GEO-260831-000477-RE",
        "feature_name": "station-underground",
        "address": "重庆市渝中区解放碑步行街",
        "geom_type": "LineString",
        "center_point": [
          113.526385,
          31.161694
        ],
        "created_at": "2026-08-17T08:49:56.659865",
        "updated_at": "2026-08-22T00:16:56.659865"
      }
    },
    {
      "id": 3718440221521489289,
      "type": "Feature",
      "geometry": {
        "type": "Point",
        "coordinates": [
          99.51901,
          7.320542
        ]
      },
      "properties": {
        "feature_id": "LAND-260831-000478-QE",
        "feature_name": "harbor-underground",
        "address": "西安市雁塔区雁塔南路88号",
        "geom_type": "Point",
        "center_point": [
          99.51901,
          7.320542
        ],
        "created_at": "2026-08-25T15:57:07.681490",
        "updated_at": "2026-09-05T01:08:07.681490"
      }
    },
    {
      "id": 3674734476266209107,
      "type": "Feature",
      "geometry": {
        "type": "Point",
        "coordinates": [
          126.0089,
          25.632179
        ]
      },
      "properties": {
        "feature_id": "LAND-260831-000479-SH",
        "feature_name": "building-north-gate",
        "address": "北京市东城区长安街1号",
        "geom_type": "Point",
        "center_point": [
          126.0089,
          25.632179
        ],
        "created_at": "2026-02-22T01:27:41.017882",
        "updated_at": "2026-03-11T13:08:41.017882"
      }
    },
    {
      "id": 57228417805143931,
      "type": "Feature",
      "geometry": {
        "type": "Point",
        "coordinates": [
          128.262991,
          52.822778
        ]
      },
      "properties": {
        "feature_id": "FEAT-260831-000480-WZ",
        "feature_name": "station-west-terminal",
        "address": "南京市玄武区中山路321号",
        "geom_type": "Point",
        "center_point": [
          128.262991,
          52.822778
        ],
        "created_at": "2025-10-19T17:46:33.316585",
        "updated_at": "2025-10-21T07:20:33.316585"
      }
    },
    {
      "id": 4783984715091321816,
      "type": "Feature",
      "geometry": {
        "type": "Point",
        "coordinates": [
          131.831769,
          47.968445
        ]
      },
      "properties": {
        "feature_id": "GEO-260831-000481-EP",
        "feature_name": "airport-main",
        "address": "上海市浦东新区世纪大道100号",
        "geom_type": "Point",
        "center_point": [
          131.831769,
          47.968445
        ],
        "created_at": "2026-04-17T05:17:56.496080",
        "updated_at": "2026-05-09T10:06:56.496080"
      }
    },
    {
      "id": 8656167561826540085,
      "type": "Feature",
      "geometry": {
        "type": "Point",
        "coordinates": [
          109.710076,
          8.457229
        ]
      },
      "properties": {
        "feature_id": "LAND-260831-000482-DG",
        "feature_name": "south-section",
        "address": "青岛市市南区香港中路78号",
        "geom_type": "Point",
        "center_point": [
          109.710076,
          8.457229
        ],
        "created_at": "2025-09-02T13:19:58.096967",
        "updated_at": "2025-09-21T18:37:58.096967"
      }
    },
    {
      "id": 5276479232048793099,
      "type": "Feature",
      "geometry": {
        "type": "Point",
        "coordinates": [
          78.603133,
          18.929602
        ]
      },
      "properties": {
        "feature_id": "GEO-260831-000483-JF",
        "feature_name": "branch-section",
        "address": "上海市浦东新区世纪大道100号",
        "geom_type": "Point",
        "center_point": [
          78.603133,
          18.929602
        ],
        "created_at": "2026-03-01T05:48:19.817954",
        "updated_at": "2026-03-22T17:24:19.817954"
      }
    },
    {
      "id": 8252728133493267395,
      "type": "Feature",
      "geometry": {
        "type": "LineString",
        "coordinates": [
          [
            82.669527,
            15.548625
          ],
          [
            73.633959,
            14.186319
          ],
          [
            97.029942,
            37.428986
          ],
          [
            85.007674,
            15.310707
          ],
          [
            123.732619,
            11.539695
          ]
        ]
      },
      "properties": {
        "feature_id": "GIS-260831-000484-IG",
        "feature_name": "water-central",
        "address": "厦门市思明区湖滨南路99号",
        "geom_type": "LineString",
        "center_point": [
          92.414744,
          18.802866
        ],
        "created_at": "2026-08-17T02:48:03.649277",
        "updated_at": "2026-09-11T14:21:03.649277"
      }
    },
    {
      "id": 7686434264764332007,
      "type": "Feature",
      "geometry": {
        "type": "LineString",
        "coordinates": [
          [
            87.394028,
            29.12341
          ],
          [
            117.550379,
            38.854903
          ],
          [
            120.27491,
            41.573293
          ],
          [
            91.959414,
            51.707014
          ],
          [
            124.410098,
            9.982127
          ],
          [
            130.343644,
            9.15321
          ],
          [
            89.081605,
            38.529813
          ],
          [
            90.098842,
            33.823291
          ]
        ]
      },
      "properties": {
        "feature_id": "GIS-260831-000485-YY",
        "feature_name": "elevated-zone",
        "address": "长沙市岳麓区岳麓大道233号",
        "geom_type": "LineString",
        "center_point": [
          106.389115,
          31.593383
        ],
        "created_at": "2026-08-04T23:23:00.231059",
        "updated_at": "2026-08-14T04:41:00.231059"
      }
    },
    {
      "id": 8790276369854515416,
      "type": "Feature",
      "geometry": {
        "type": "LineString",
        "coordinates": [
          [
            101.430559,
            21.599209
          ],
          [
            85.719358,
            35.89031
          ],
          [
            125.894955,
            35.450902
          ]
        ]
      },
      "properties": {
        "feature_id": "GIS-260831-000486-UJ",
        "feature_name": "tunnel-main",
        "address": "广州市天河区天河路385号",
        "geom_type": "LineString",
        "center_point": [
          104.348291,
          30.98014
        ],
        "created_at": "2025-11-30T20:59:12.463946",
        "updated_at": "2025-12-05T07:53:12.463946"
      }
    },
    {
      "id": 4395158655068239843,
      "type": "Feature",
      "geometry": {
        "type": "LineString",
        "coordinates": [
          [
            89.664355,
            36.983079
          ],
          [
            127.307733,
            29.28468
          ],
          [
            90.561987,
            39.730166
          ],
          [
            130.970731,
            33.59473
          ]
        ]
      },
      "properties": {
        "feature_id": "LAND-260831-000487-MQ",
        "feature_name": "bridge-elevated",
        "address": "长沙市岳麓区岳麓大道233号",
        "geom_type": "LineString",
        "center_point": [
          109.626201,
          34.898164
        ],
        "created_at": "2026-01-04T12:06:31.224532",
        "updated_at": "2026-01-22T15:24:31.224532"
      }
    },
    {
      "id": 7863209086189694434,
      "type": "Feature",
      "geometry": {
        "type": "LineString",
        "coordinates": [
          [
            124.920469,
            46.589404
          ],
          [
            134.18054,
            15.818122
          ],
          [
            126.149265,
            40.630601
          ],
          [
            113.280301,
            51.184283
          ],
          [
            97.669149,
            53.021247
          ],
          [
            86.860328,
            25.296834
          ]
        ]
      },
      "properties": {
        "feature_id": "GEO-260831-000488-AV",
        "feature_name": "new-zone",
        "address": "大连市中山区人民路60号",
        "geom_type": "LineString",
        "center_point": [
          113.843342,
          38.756748
        ],
        "created_at": "2025-09-10T22:02:21.158090",
        "updated_at": "2025-10-08T18:03:21.158090"
      }
    },
    {
      "id": 8684307005658969278,
      "type": "Feature",
      "geometry": {
        "type": "Polygon",
        "coordinates": [
          [
            [
              84.705976,
              44.02211
            ],
            [
              108.840659,
              3.350087
            ],
            [
              128.181978,
              47.10853
            ],
            [
              95.926679,
              40.867821
            ],
            [
              84.705976,
              44.02211
            ]
          ]
        ]
      },
      "properties": {
        "feature_id": "LAND-260831-000489-FU",
        "feature_name": "tower-underground",
        "address": "广州市天河区天河路385号",
        "geom_type": "Polygon",
        "center_point": [
          104.413823,
          33.837137
        ],
        "created_at": "2025-12-24T15:32:13.049520",
        "updated_at": "2026-01-02T18:34:13.049520"
      }
    },
    {
      "id": 921763468533864133,
      "type": "Feature",
      "geometry": {
        "type": "LineString",
        "coordinates": [
          [
            74.99423,
            17.275558
          ],
          [
            78.53854,
            29.549653
          ],
          [
            109.398414,
            40.91206
          ],
          [
            133.075948,
            19.235705
          ],
          [
            111.099727,
            28.353949
          ],
          [
            81.270845,
            36.732462
          ],
          [
            89.119452,
            17.907552
          ],
          [
            109.514041,
            10.4997
          ]
        ]
      },
      "properties": {
        "feature_id": "GIS-260831-000490-IM",
        "feature_name": "tower-old-section",
        "address": "武汉市江汉区解放大道1234号",
        "geom_type": "LineString",
        "center_point": [
          98.3764,
          25.05833
        ],
        "created_at": "2025-11-02T17:51:05.413070",
        "updated_at": "2025-12-02T05:06:05.413070"
      }
    },
    {
      "id": 3473205782489633938,
      "type": "Feature",
      "geometry": {
        "type": "Polygon",
        "coordinates": [
          [
            [
              125.550839,
              42.6443
            ],
            [
              76.833495,
              52.318473
            ],
            [
              132.625704,
              12.907428
            ],
            [
              114.036583,
              32.760574
            ],
            [
              117.994319,
              28.578389
            ],
            [
              110.167638,
              42.070481
            ],
            [
              125.550839,
              42.6443
            ]
          ]
        ]
      },
      "properties": {
        "feature_id": "LAND-260831-000491-ZF",
        "feature_name": "water-south",
        "address": "广州市天河区天河路385号",
        "geom_type": "Polygon",
        "center_point": [
          112.868096,
          35.213274
        ],
        "created_at": "2025-11-06T09:50:08.246398",
        "updated_at": "2025-11-13T06:38:08.246398"
      }
    },
    {
      "id": 2675998379329356279,
      "type": "Feature",
      "geometry": {
        "type": "LineString",
        "coordinates": [
          [
            123.809638,
            9.616022
          ],
          [
            84.933125,
            14.066275
          ],
          [
            103.256238,
            38.022322
          ],
          [
            76.08694,
            33.488895
          ],
          [
            114.917159,
            22.156703
          ],
          [
            109.121092,
            44.905644
          ]
        ]
      },
      "properties": {
        "feature_id": "GEO-260831-000492-TI",
        "feature_name": "dam-underground-segment",
        "address": "郑州市金水区金水路115号",
        "geom_type": "LineString",
        "center_point": [
          102.020699,
          27.042643
        ],
        "created_at": "2026-04-03T23:55:36.399172",
        "updated_at": "2026-05-04T02:10:36.399172"
      }
    },
    {
      "id": 4440244108126482939,
      "type": "Feature",
      "geometry": {
        "type": "LineString",
        "coordinates": [
          [
            134.20623,
            49.176513
          ],
          [
            86.596407,
            41.411357
          ],
          [
            83.796503,
            14.425753
          ],
          [
            122.494381,
            4.544296
          ],
          [
            88.389746,
            26.942554
          ],
          [
            76.190416,
            41.734373
          ],
          [
            106.776356,
            23.40676
          ],
          [
            82.882861,
            34.508394
          ]
        ]
      },
      "properties": {
        "feature_id": "GIS-260831-000493-TB",
        "feature_name": "scenic-area",
        "address": "厦门市思明区湖滨南路99号",
        "geom_type": "LineString",
        "center_point": [
          97.666613,
          29.51875
        ],
        "created_at": "2026-01-05T14:40:37.579150",
        "updated_at": "2026-01-30T20:04:37.579150"
      }
    },
    {
      "id": 2116852975014688678,
      "type": "Feature",
      "geometry": {
        "type": "LineString",
        "coordinates": [
          [
            89.811973,
            3.369122
          ],
          [
            133.958464,
            52.340139
          ],
          [
            100.483787,
            4.809568
          ],
          [
            96.37211,
            40.457021
          ],
          [
            108.707415,
            26.758797
          ]
        ]
      },
      "properties": {
        "feature_id": "MAP-260831-000494-EN",
        "feature_name": "branch-gate",
        "address": "长沙市岳麓区岳麓大道233号",
        "geom_type": "LineString",
        "center_point": [
          105.86675,
          25.546929
        ],
        "created_at": "2026-04-25T12:53:37.634891",
        "updated_at": "2026-05-18T16:43:37.634891"
      }
    },
    {
      "id": 6608935857039054531,
      "type": "Feature",
      "geometry": {
        "type": "LineString",
        "coordinates": [
          [
            76.380539,
            35.71205
          ],
          [
            73.617827,
            44.841206
          ],
          [
            132.627191,
            38.589731
          ],
          [
            132.572194,
            51.946948
          ]
        ]
      },
      "properties": {
        "feature_id": "GEO-260831-000495-BL",
        "feature_name": "harbor-underground-segment",
        "address": "重庆市渝中区解放碑步行街",
        "geom_type": "LineString",
        "center_point": [
          103.799438,
          42.772484
        ],
        "created_at": "2026-03-07T07:31:23.593193",
        "updated_at": "2026-03-28T14:13:23.593193"
      }
    },
    {
      "id": 6019027071356355108,
      "type": "Feature",
      "geometry": {
        "type": "LineString",
        "coordinates": [
          [
            112.17053,
            37.196336
          ],
          [
            120.850623,
            45.142456
          ],
          [
            128.534527,
            31.815701
          ]
        ]
      },
      "properties": {
        "feature_id": "GEO-260831-000496-CU",
        "feature_name": "elevated-section",
        "address": "重庆市渝中区解放碑步行街",
        "geom_type": "LineString",
        "center_point": [
          120.51856,
          38.051498
        ],
        "created_at": "2025-11-04T00:51:21.723993",
        "updated_at": "2025-12-01T00:12:21.723993"
      }
    },
    {
      "id": 2582465622484247890,
      "type": "Feature",
      "geometry": {
        "type": "Point",
        "coordinates": [
          129.601521,
          3.531925
        ]
      },
      "properties": {
        "feature_id": "GIS-260831-000497-CR",
        "feature_name": "station-central",
        "address": "广州市天河区天河路385号",
        "geom_type": "Point",
        "center_point": [
          129.601521,
          3.531925
        ],
        "created_at": "2025-11-17T08:18:49.680245",
        "updated_at": "2025-12-02T21:29:49.680245"
      }
    },
    {
      "id": 7954890054975792610,
      "type": "Feature",
      "geometry": {
        "type": "Point",
        "coordinates": [
          100.207401,
          38.484009
        ]
      },
      "properties": {
        "feature_id": "FEAT-260831-000498-CO",
        "feature_name": "station-east-segment",
        "address": "郑州市金水区金水路115号",
        "geom_type": "Point",
        "center_point": [
          100.207401,
          38.484009
        ],
        "created_at": "2026-03-17T02:58:52.380306",
        "updated_at": "2026-04-11T21:41:52.380306"
      }
    },
    {
      "id": 1468646094291550927,
      "type": "Feature",
      "geometry": {
        "type": "LineString",
        "coordinates": [
          [
            87.702476,
            6.108753
          ],
          [
            77.80055,
            31.208566
          ],
          [
            82.688022,
            35.499713
          ],
          [
            104.236736,
            4.848774
          ],
          [
            131.833037,
            13.53315
          ]
        ]
      },
      "properties": {
        "feature_id": "LAND-260831-000499-PB",
        "feature_name": "east-zone",
        "address": "上海市浦东新区世纪大道100号",
        "geom_type": "LineString",
        "center_point": [
          96.852164,
          18.239791
        ],
        "created_at": "2026-04-05T17:51:43.141544",
        "updated_at": "2026-05-03T11:51:43.141544"
      }
    }
  ]
}